Workbook
Name Arjosari: 'Data Desa'!$B$2:$B$18
Name ASPEK: 'Data Aspek'!$A$2:$A$6
Name Bandar: 'Data Desa'!$C$2:$C$9
Name Desa_Arjosari: 'Data Desa'!$N$2:$N$24
Name Desa_Arjowinangun: 'Data Desa'!$CS$2:$CS$24
Name Desa_Bandar: 'Data Desa'!$AE$2:$AE$24
Name Desa_Bangunsari__Bandar: 'Data Desa'!$AF$2:$AF$24
Name Desa_Bangunsari__Pacitan: 'Data Desa'!$CU$2:$CU$24
Name Desa_Banjarjo: 'Data Desa'!$AY$2:$AY$24
Name Desa_Banjarsari: 'Data Desa'!$CV$2:$CV$24
Name Desa_Belah: 'Data Desa'!$AM$2:$AM$24
Name Desa_Bodag: 'Data Desa'!$CA$2:$CA$24
Name Desa_Bogoharjo: 'Data Desa'!$CB$2:$CB$24
Name Desa_Bolosingo: 'Data Desa'!$CW$2:$CW$24
Name Desa_Bomo: 'Data Desa'!$EE$2:$EE$24
Name Desa_Borang: 'Data Desa'!$O$2:$O$24
Name Desa_Bubakan: 'Data Desa'!$FM$2:$FM$24
Name Desa_Bungur: 'Data Desa'!$FN$2:$FN$24
Name Desa_Candi: 'Data Desa'!$DR$2:$DR$24
Name Desa_Cangkring: 'Data Desa'!$CC$2:$CC$24
Name Desa_Cemeng: 'Data Desa'!$AN$2:$AN$24
Name Desa_Cokrokembang: 'Data Desa'!$CD$2:$CD$24
Name Desa_Dadapan: 'Data Desa'!$DS$2:$DS$24
Name Desa_Dersono: 'Data Desa'!$DT$2:$DT$24
Name Desa_Donorojo: 'Data Desa'!$AO$2:$AO$24
Name Desa_Gasang: 'Data Desa'!$FO$2:$FO$24
Name Desa_Gawang: 'Data Desa'!$AZ$2:$AZ$24
Name Desa_Gayuhan: 'Data Desa'!$P$2:$P$24
Name Desa_Gedangan: 'Data Desa'!$FB$2:$FB$24
Name Desa_Gedompol: 'Data Desa'!$AP$2:$AP$24
Name Desa_Gegeran: 'Data Desa'!$Q$2:$Q$24
Name Desa_Gemaharjo: 'Data Desa'!$FC$2:$FC$24
Name Desa_Gembong: 'Data Desa'!$R$2:$R$24
Name Desa_Gembuk: 'Data Desa'!$BA$2:$BA$24
Name Desa_Gendaran: 'Data Desa'!$AQ$2:$AQ$24
Name Desa_Glinggangan: 'Data Desa'!$DU$2:$DU$24
Name Desa_Gondang: 'Data Desa'!$BR$2:$BR$24
Name Desa_Gondosari: 'Data Desa'!$EF$2:$EF$24
Name Desa_Gunung_Rejo: 'Data Desa'!$ER$2:$ER$24
Name Desa_Gunungsari: 'Data Desa'!$S$2:$S$24
Name Desa_Hadiluwih: 'Data Desa'!$CE$2:$CE$24
Name Desa_Hadiwarno: 'Data Desa'!$CF$2:$CF$24
Name Desa_Jatigunung: 'Data Desa'!$FP$2:$FP$24
Name Desa_Jatimalang: 'Data Desa'!$T$2:$T$24
Name Desa_Jeruk: 'Data Desa'!$AG$2:$AG$24
Name Desa_Jetak: 'Data Desa'!$FQ$2:$FQ$24
Name Desa_Jetis_Kidul: 'Data Desa'!$U$2:$U$24
Name Desa_Jetislor: 'Data Desa'!$BS$2:$BS$24
Name Desa_Jlubang: 'Data Desa'!$DV$2:$DV$24
Name Desa_Kalak: 'Data Desa'!$AR$2:$AR$24
Name Desa_Kalikuning: 'Data Desa'!$FR$2:$FR$24
Name Desa_Kalipelus: 'Data Desa'!$BB$2:$BB$24
Name Desa_Karang_Mulyo: 'Data Desa'!$ES$2:$ES$24
Name Desa_Karanganyar: 'Data Desa'!$BC$2:$BC$24
Name Desa_Karanggede: 'Data Desa'!$V$2:$V$24
Name Desa_Karangnongko: 'Data Desa'!$BD$2:$BD$24
Name Desa_Karangrejo: 'Data Desa'!$W$2:$W$24
Name Desa_Kasihan: 'Data Desa'!$FD$2:$FD$24
Name Desa_Katipugal: 'Data Desa'!$BE$2:$BE$24
Name Desa_Kayen: 'Data Desa'!$CX$2:$CX$24

Sheet Data Desa
A1: Kecamatan | B1: Arjosari | C1: Bandar | D1: Donorojo | E1: Kebonagung | F1: Nawangan | G1: Ngadirojo | H1: Pacitan | I1: Pringkuku | J1: Punung | K1: Sudimoro | L1: Tegalombo | M1: Tulakan | N1: Desa Arjosari | O1: Desa Borang | P1: Desa Gayuhan | Q1: Desa Gegeran | R1: Desa Gembong | S1: Desa Gunungsari | T1: Desa Jatimalang | U1: Desa Jetis Kidul | V1: Desa Karanggede | W1: Desa Karangrejo | X1: Desa Kedungbendo | Y1: Desa Mangunharjo | Z1: Desa Mlati | AA1: Desa Pagutan | AB1: Desa Sedayu | AC1: Desa Temon | AD1: Desa Tremas | AE1: Desa Bandar | AF1: Desa Bangunsari Bandar | AG1: Desa Jeruk | AH1: Desa Kledung | AI1: Desa Ngunut | AJ1: Desa Petungsinarang | AK1: Desa Tumpuk | AL1: Desa Watupatok | AM1: Desa Belah | AN1: Desa Cemeng | AO1: Desa Donorojo | AP1: Desa Gedompol | AQ1: Desa Gendaran | AR1: Desa Kalak | AS1: Desa Klepu Donorojo | AT1: Desa Sawahan | AU1: Desa Sekar | AV1: Desa Sendang | AW1: Desa Sukodono | AX1: Desa Widoro (Donorojo) | AY1: Desa Banjarjo | AZ1: Desa Gawang | BA1: Desa Gembuk | BB1: Desa Kalipelus | BC1: Desa Karanganyar | BD1: Desa Karangnongko | BE1: Desa Katipugal | BF1: Desa Kebonagung | BG1: Desa Ketepung | BH1: Desa Ketro (Kebonagung) | BI1: Desa Klesem | BJ1: Desa Mantren (Kebonagung) | BK1: Desa Plumbungan | BL1: Desa Punjung | BM1: Desa Purwoasri | BN1: Desa Sanggrahan | BO1: Desa Sidomulyo (Kebonagung) | BP1: Desa Wonogondo | BQ1: Desa Worawari | BR1: Desa Gondang | BS1: Desa Jetislor | BT1: Desa Mujing | BU1: Desa Nawangan | BV1: Desa Ngromo | BW1: Desa Pakisbaru | BX1: Desa Penggung | BY1: Desa Sempu | BZ1: Desa Tokawi | CA1: Desa Bodag | CB1: Desa Bogoharjo | CC1: Desa Cangkring | CD1: Desa Cokrokembang | CE1: Desa Hadiluwih | CF1: Desa Hadiwarno | CG1: Desa Ngadirojo | CH1: Desa Nogosari | CI1: Desa Pagerejo | CJ1: Desa Sidomulyo (Ngadirojo) | CK1: Desa Tanjunglor | CL1: Desa Tanjungpuro | CM1: Desa Wiyoro | CN1: Desa Wonoasri | CO1: Desa Wonodadi Kulon | CP1: Desa Wonodadi Wetan | CQ1: Desa Wonokarto | CR1: Desa Wonosobo | CS1: Desa Arjowinangun | CT1: Kelurahan Baleharjo | CU1: Desa Bangunsari (Pacitan) | CV1: Desa Banjarsari | CW1: Desa Bolosingo | CX1: Desa Kayen | CY1: Desa Kembang | CZ1: Desa Menadi | DA1: Desa Mentoro | DB1: Desa Nanggungan | DC1: Kelurahan Pacitan | DD1: Kelurahan Ploso | DE1: Desa Ponggok | DF1: Kelurahan Pucangsewu | DG1: Desa Purworejo | DH1: Desa Sambong | DI1: Desa Sedeng | DJ1: Desa Semanten | DK1: Kelurahan Sidoharjo | DL1: Desa Sirnoboyo | DM1: Desa Sukoharjo | DN1: Desa Sumberharjo | DO1: Desa Tambakrejo | DP1: Desa Tanjungsari | DQ1: Desa Widoro (Pacitan) | DR1: Desa Candi | DS1: Desa Dadapan | DT1: Desa Dersono | DU1: Desa Glinggangan | DV1: Desa Jlubang | DW1: Desa Ngadirejan | DX1: Desa Pelem | DY1: Desa Poko | DZ1: Desa Pringkuku | EA1: Desa Sobo | EB1: Desa Sugihwaras | EC1: Desa Tamanasri | ED1: Desa Watu Karung | EE1: Desa Bomo | EF1: Desa Gondosari | EG1: Desa Kebonsari | EH1: Desa Kendal | EI1: Desa Mantren (Punung) | EJ1: Desa Mendolo Kidul | EK1: Desa Mendolo Lor | EL1: Desa Piton | EM1: Desa Ploso (Punung) | EN1: Desa Punung | EO1: Desa Sooka | EP1: Desa Tinatar | EQ1: Desa Wareng | ER1: Desa Gunung Rejo | ES1: Desa Karang Mulyo | ET1: Desa Ketanggung | EU1: Desa Klepu (Sudimoro) | EV1: Desa Pager Kidul | EW1: Desa Pager Lor | EX1: Desa Sembowo | EY1: Desa Sudimoro | EZ1: Desa Sukorejo | FA1: Desa Sumber Rejo | FB1: Desa Gedangan | FC1: Desa Gemaharjo | FD1: Desa Kasihan | FE1: Desa Kebondalem | FF1: Desa Kemuning | FG1: Desa Ngreco | FH1: Desa Ploso (Tegalombo) | FI1: Desa Pucangombo | FJ1: Desa Tahunan | FK1: Desa Tahunan Baru | FL1: Desa Tegalombo | FM1: Desa Bubakan | FN1: Desa Bungur | FO1: Desa Gasang | FP1: Desa Jatigunung | FQ1: Desa Jetak | FR1: Desa Kalikuning | FS1: Desa Ketro (Tulakan) | FT1: Desa Ketro Harjo | FU1: Desa Kluwih | FV1: Desa Losari | FW1: Desa Ngile | FX1: Desa Nglaran | FY1: Desa Ngumbul | FZ1: Desa Padi | GA1: Desa Tulakan | GB1: Desa Wonoanti | GC1: Desa Wonosidi
A2: Arjosari | B2: Desa Arjosari | C2: Desa Bandar | D2: Desa Belah | E2: Desa Banjarjo | F2: Desa Gondang | G2: Desa Bodag | H2: Desa Arjowinangun | I2: Desa Candi | J2: Desa Bomo | K2: Desa Gunung Rejo | L2: Desa Gedangan | M2: Desa Bubakan | N2: KWT Ngudi Rejeki Lancar | O2: KWT Sido Lestari | P2: KWT Gayuh Sehat I | Q2: KWT Tani Maju | R2: KWT Sumber Urip I | S2: KWT Dahlia | T2: KWT Eka Mandiri | U2: Sido Subur I | V2: KWT Mawar | W2: Sumber Urip I | X2: KWT Sido Makmur | Y2: KWT Dahlia | Z2: KWT SEKAR TANJUNG | AA2: KWT MAWAR | AB2: MAKMUR RUKUN I | AC2: AKUR I | AD2: KWT PERTIWI | AE2: BINTANG TIMUR | AF2: BLIMBING TANI | AG2: BUDI LUHUR | AH2: BLOROK MADU | AI2: KWT. MELATI | AJ2: KENANGA I | AK2: ANGGIAT TANI | AL2: DADI MAKMUR | AM2: Dadi Makmur | AN2: Edi Peni | AO2: Jati Diri | AP2: Budi Lestari | AQ2: Dadi Mulyo | AR2: KWT. KELAPA SARI | AS2: Loh Jinawi | AT2: Bakti Tani | AU2: KWT Sekar Arum Sejahtera | AV2: Gebang Wonokarto | AW2: Assalam | AX2: Lestari | AY2: Sumber Makmur 1 | AZ2: Setyo Maju 1 | BA2: Tri Karsa 1 | BB2: Tani Maju 1 | BC2: Gotong Royong 1 | BD2: Sedyo Makmur 1 | BE2: Pratolo Mulyo 1 | BF2: Mentes 1 | BG2: Sido Mekar 1 | BH2: Sido Maju 1 | BI2: Sari Tani 1 | BJ2: Margo Subur 1 | BK2: Lestari I | BL2: Ngudi Makmur 1 | BM2: Sumber Asri 1 | BN2: Setya Usaha I | BO2: Bumi Harum 1 | BP2: Sido Rejo 1 | BQ2: Sido Makmur 1 | BR2: Dewi Sinto | BS2: Dewi Sri | BT2: Karya Makmur I | BU2: Ledok Sari | BV2: Arum Tani | BW2: BARU WUNGU | BX2: Karya Makmur | BY2: Berkah Tani | BZ2: Gemah Ripah | CA2: NGUDI LUHUR I | CB2: KWT MARDI RAHAYU | CC2: SUKODONO I | CD2: RUKUN MAKMUR I | CE2: Melati | CF2: Matahari | CG2: MEKARSARI I | CH2: KARYA MULYA I | CI2: BANGUNREJO I | CJ2: KWT. LESTARI MULYO | CK2: MARGO RUKUN I | CL2: MAKMUR I | CM2: MARDI REJO I | CN2: ERAS ASRI I | CO2: DHARMA BAKTI | CP2: SIDO MAKMUR I | CQ2: ERAS I | CR2: ERAS SOBO 5 | CS2: Sido Asih I | CT2: Eko Proyo I | CU2: Gemah Ripah I | CV2: KWT Melati | CW2: Utama Karya I | CX2: KWT Karya Makmur | CY2: Sido Mekar 1 | CZ2: KWT SRIKANDI | DA2: Sedyo Tani I | DB2: KWT PADEMANGAN PUTRI | DC2: MANUNGGAL I | DD2: KWT Margo Makmur VI A | DE2: SIDO MAKMUR I | DF2: KARYO TOMO I | DG2: KWT Sido Dadi | DH2: ARGO MULYO I | DI2: Mekar Sari I | DJ2: Mugi Rahayu I | DK2: KWT Bina Makmur | DL2: KWT Mekar Sari | DM2: KWT Sido Rukun | DN2: KWT Rejo Mulyo | DO2: Karya Tani I | DP2: Karya Tunggal I | DQ2: KWT SIDO MAPAN | DR2: Nuju Makmur 01 | DS2: Suka Maju 01 | DT2: Sakti I | DU2: Margo Mulyo 01 | DV2: Selo Rejeki I | DW2: Blimbing Sari | DX2: Sri Rejeki I | DY2: Lestari I | DZ2: JANTI MAKMUR | EA2: Sido Mulyo I | EB2: Gemah Ripah I | EC2: SIDO MULYO SEPULUH | ED2: KWT Sido Mukti 4 | EE2: KWT Manunggal Mukti | EF2: Maju Lancar | EG2: Harapan | EH2: Tani Harapan | EI2: Fajar Rahayu | EJ2: Karya Luhur I | EK2: Basuki Makmur | EL2: Budi Luhur | EM2: Amanah | EN2: Karya Tani | EO2: Mardi Utomo | EP2: Ayem Tentrem | EQ2: Eko Budoyo | ER2: MEKAR SARI 1 | ES2: KWT. SRI TANJUNG | ET2: Sedya Mulya 1 | EU2: BATU GUNA | EV2: Kutilang 1 | EW2: KARYA TANI | EX2: Margo Mulyo 1 | EY2: KWT. SRIKANDI | EZ2: KWT Kali Rejo | FA2: SIDO LANCAR | FB2: RUKUN TANI I | FC2: GEMAH RIPAH 1 | FD2: AMONG TANI I | FE2: SEDYO MAJU I | FF2: PUNCAK SEWU | FG2: KWT LUMBU INDAH | FH2: KARYA MAKMUR I | FI2: MANDIRI MAPAN | FJ2: AL-FATTAH | FK2: GONDO ARUM | FL2: HANDAYANI I | FM2: NGUDI BOGO I | FN2: KARYA TANI I | FO2: MARGO MAKMUR I | FP2: JATI MULYO 1 | FQ2: DARMA TANI I | FR2: KWT Sido Lancar | FS2: SUBUR MAKMUR 1 | FT2: HARJO MAKMUR 1 | FU2: SETYA KARYA DUA | FV2: MEKAR SARI 1 | FW2: EDI PENI I | FX2: KWT. JAMU SEGER MANIS | FY2: WALUYO ASIH I | FZ2: PADI WARAS 2 | GA2: NGUPADI HASIL 1 | GB2: GEMAH RIPAH 1 | GC2: BUDI KARYA 1
A3: Bandar | B3: Desa Borang | C3: Desa Bangunsari Bandar | D3: Desa Cemeng | E3: Desa Gawang | F3: Desa Jetislor | G3: Desa Bogoharjo | H3: Kelurahan Baleharjo | I3: Desa Dadapan | J3: Desa Gondosari | K3: Desa Karang Mulyo | L3: Desa Gemaharjo | M3: Desa Bungur | N3: Adil Makmur I | O3: Sido Rukun I | P3: KWT Gayuh Sehat II | Q3: Sido Dadi | R3: KWT Sumber Urip II | S3: KWT Melati Putih | T3: Lestari I | U3: Sido Subur II | V3: Tani Maju I | W3: Sumber Urip II | X3: Rukun III | Y3: Sido Mulyo I | Z3: SIDO MAKMUR I | AA3: Rukun Santosa 01 | AB3: MAKMUR RUKUN II | AC3: AKUR II | AD3: Guyup Rukun 01 | AE3: EDI PENI | AF3: CIPTO TANI | AG3: BUDI UTOMO | AH3: ENGGAL LESTARI | AI3: LESTARI | AJ3: KENANGA II | AK3: Kenanga | AL3: GUNUNG SARI DUA | AM3: Hasil Tani | AN3: Eko Makaryo | AO3: Karya Bakti | AP3: Mardi Makmur I | AQ3: KWT Karya Maju | AR3: Barokah | AS3: Makmur | AT3: Budi Luhur | AU3: Ngudi Rahayu | AV3: Makmur | AW3: Budi Mulyo | AX3: Ngudi Makmur | AY3: Sumber Makmur 2 | AZ3: Setyo Maju 3 | BA3: Tri Karsa 10 | BB3: Tani Maju 2 | BC3: Gotong Royong 2 | BD3: Sedyo Makmur 2 | BE3: Pratolo Mulyo 2 | BF3: Mentes 2 | BG3: Sido Mekar 2 | BH3: Sido Maju 2 | BI3: Sari Tani 2 | BJ3: Margo Subur 2 | BK3: Lestari II | BL3: Ngudi Makmur 2 | BM3: Sumber Asri 2 | BN3: Setya Usaha II | BO3: Bumi Harum 10 | BP3: Sido Rejo 2 | BQ3: Sido Makmur 2 | BR3: Dewi Sri | BS3: Dono Asih | BT3: Karya Makmur II | BU3: Manunggal Karya | BV3: Bina Tani I | BW3: HARGO MULYO | BX3: Lestari | BY3: Karya Muda | BZ3: Hidayah | CA3: NGUDI LUHUR II | CB3: MARDI RAHAYU I | CC3: SUKODONO II | CD3: RUKUN MAKMUR II | CE3: PENI | CF3: TUNAS HARAPAN I | CG3: MEKARSARI II | CH3: KARYA MULYA II | CI3: BANGUNREJO II | CJ3: WIDYASANA I | CK3: MARGO RUKUN II | CL3: MAKMUR II | CM3: MARDI REJO II | CN3: ERAS ASRI II | CO3: NGUDI MAKMUR I | CP3: SIDO MAKMUR II | CQ3: ERAS II | CR3: ERAS SOBO I | CS3: Sido Asih II | CT3: Eko Proyo II | CU3: Gemah Ripah II | CV3: Sido Dadi I | CW3: Utama Karya II | CX3: KWT Sumber Rejeki | CY3: Sido Mekar 2 | CZ3: Gemah Ripah I | DA3: Sedyo Tani II | DB3: Sedyo Rukun I | DC3: Manunggal II | DD3: Margo Makmur I | DE3: SIDO MAKMUR II | DF3: KARYO TOMO II | DG3: Margo Mulyo I | DH3: ARGO MULYO II | DI3: Mekar Sari II | DJ3: Mugi Rahayu II | DK3: KWT Mekar Makmur | DL3: Sido Maju I | DM3: Sido Rukun I | DN3: KWT Tani Maju | DO3: Karya Tani II | DP3: Karya Tunggal II | DQ3: Sidodadi I | DR3: Nuju Makmur II | DS3: Suka Maju 05 | DT3: Sakti II | DU3: Margo Mulyo 05 | DV3: Selo Rejeki II | DW3: KWT. Rindang | DX3: Sri Rejeki II | DY3: Lestari II | DZ3: Gondang Rejo I | EA3: Sido Mulyo II | EB3: Gemah Ripah II | EC3: KWT. Budi Lestari | ED3: KWT Sido Mukti I | EE3: Manunggal Mukti | EF3: Margo Dadi | EG3: Lestari | EH3: Tani Makmur | EI3: Handayani | EJ3: Karya Luhur II | EK3: Eko Karyo | EL3: Karya Tani | EM3: Hidayah | EN3: Maju Lancar I | EO3: Mardi Waluyo I | EP3: Bakti Utomo | EQ3: Ngudi Makmur | ER3: MEKAR SARI 2 | ES3: Margo Mulyo | ET3: Sedya Mulya 2 | EU3: LAJUR SEMPU 1 | EV3: Kutilang 2 | EW3: NGUDI MULYO 1 | EX3: Margo Mulyo 2 | EY3: Mijil Pangan | EZ3: KWT Marsudi Tani | FA3: Duren Manis 1 | FB3: RUKUN TANI II | FC3: GEMAH RIPAH 2 | FD3: AMONG TANI II | FE3: SEDYO MAJU II | FF3: SIDO MAKMUR I | FG3: SUMBER TANI I | FH3: KARYA MAKMUR II | FI3: MEKAR DADI | FJ3: BUMI RAHAYU | FK3: KWT LESTARI | FL3: HANDAYANI II | FM3: NGUDI BOGO II | FN3: KARYA TANI II | FO3: MARGO MAKMUR II | FP3: JATI MULYO 2 | FQ3: DARMA TANI II | FR3: MARGO MULYO 1 | FS3: SUBUR MAKMUR 2 | FT3: HARJO MAKMUR 2 | FU3: SETYA KARYA EMPAT | FV3: MEKAR SARI 2 | FW3: EDI PENI II | FX3: TANI MAKMUR 1 | FY3: WALUYO ASIH II | FZ3: PADI WARAS 3 | GA3: NGUPADI HASIL 2 | GB3: GEMAH RIPAH 2 | GC3: BUDI KARYA 2
A4: Donorojo | B4: Desa Gayuhan | C4: Desa Jeruk | D4: Desa Donorojo | E4: Desa Gembuk | F4: Desa Mujing | G4: Desa Cangkring | H4: Desa Bangunsari (Pacitan) | I4: Desa Dersono | J4: Desa Kebonsari | K4: Desa Ketanggung | L4: Desa Kasihan | M4: Desa Gasang | N4: Adil Makmur II | O4: Sido Rukun II | P4: Rukun Makmur I | Q4: Sido Makmur | R4: Sumber Urip I | S4: Margo Makmur I | T4: Lestari II | U4: Sido Subur III | V4: Tani Maju II | W4: Sumber Urip III | X4: Rukun Tani I | Y4: Sido Mulyo IB | Z4: SIDO MAKMUR II | AA4: Rukun Santosa III | AB4: MAKMUR RUKUN III | AC4: AKUR III | AD4: Guyup Rukun 02 | AE4: EKO SAYEKTI | AF4: DADI MAKMUR | AG4: GUNUNG SUBUR | AH4: JATI SARI | AI4: MAKMUR DUA | AJ4: SIDO DADI | AK4: MARGO MAKMUR DUA | AL4: GUNUNG SARI SATU | AM4: Karya Bima | AN4: Gawe Santoso | AO4: Karya Tani | AP4: Mardi Makmur II | AQ4: Margi Laras | AR4: Dadi Makmur | AS4: Margo Mulyo | AT4: Margo Mulyo | AU4: Sido Dadi I | AV4: Manunggal Bakti | AW4: Dadi Subur | AX4: Sido Makmur | AY4: Sumber Makmur 3 | AZ4: Setyo Maju 4 | BA4: Tri Karsa 11 | BB4: Tani Maju 3 | BC4: Gotong Royong 3 | BD4: Sedyo Makmur 3 | BE4: Pratolo Mulyo 3 | BF4: Mentes 3 | BG4: Sido Mekar 3 | BH4: Sido Maju 3 | BI4: Sari Tani 3 | BJ4: Margo Subur 3 | BK4: Lestari III | BL4: Ngudi Makmur 3 | BM4: Sumber Asri 3 | BN4: Setya Usaha III | BO4: Bumi Harum 11 | BP4: Sido Rejo 3 | BQ4: Sido Makmur 3 | BR4: Hargo Sedah | BS4: Indah Karya I | BT4: Margo Rahayu | BU4: Mawar | BV4: Bina Tani II | BW4: Lestari Mulyo | BX4: Ngudi Boga | BY4: Maju Tani | BZ4: Karya Makmur | CA4: NGUDI LUHUR III | CB4: MARDI RAHAYU II | CC4: SUKODONO III | CD4: RUKUN MAKMUR III | CE4: PENI I | CF4: TUNAS HARAPAN II | CG4: MEKARSARI III | CH4: KARYA MULYA III | CI4: BANGUNREJO III | CJ4: WIDYASANA II | CK4: MARGO RUKUN III | CL4: MAKMUR III | CM4: MARDI REJO III | CN4: ERAS ASRI III | CO4: NGUDI MAKMUR II | CP4: SIDO MAKMUR III | CQ4: ERAS III | CR4: ERAS SOBO II | CS4: Sido Asih III | CT4: KWT Sakura III | CU4: Gemah Ripah III | CV4: Sido Dadi II | CW4: Utama Karya III | CX4: Sumber Urip I | CY4: Sido Mekar 3 | CZ4: Gemah Ripah II | DA4: Sedyo Tani III | DB4: Sedyo Rukun II | DD4: Margo Makmur II | DE4: SIDO MAKMUR III | DG4: Margo Mulyo II | DH4: ARGO MULYO III | DI4: Mekar Sari III | DJ4: Mugi Rahayu III | DK4: Sido Makmur I | DL4: Sido Maju II | DM4: Sido Rukun II | DN4: Sumber Makmur I | DO4: Karya Tani III | DP4: Karya Tunggal III | DQ4: Sidodadi II | DR4: Nuju Makmur III | DS4: Suka Maju II | DT4: Sakti III | DU4: Margo Mulyo II | DV4: Selo Rejeki III | DW4: Sumber Rejeki Dua | DX4: Sri Rejeki III | DY4: Lestari III | DZ4: Gondang Rejo II | EA4: Sido Mulyo III | EB4: Gemah Ripah III | EC4: Sido Mulyo II | ED4: Margo Mukti | EE4: Marsudi Tani | EF4: Margo Tani | EG4: Ngudi Makmur | EH4: Tani Mulyo | EI4: Ngudi Rukun | EJ4: Karya Tani | EK4: Handayani | EL4: Rukun Tani | EM4: Kurnia | EN4: Maju Lancar II | EO4: Mardi Waluyo II | EP4: Budi Lestari | EQ4: Sido Dadi | ER4: MEKAR SARI 3 | ES4: Margo Rukun | ET4: Sedya Mulya 3 | EU4: LAJUR SEMPU 2 | EV4: Lumpang Bogo 1 | EW4: NGUDI MULYO 2 | EX4: Margo Mulyo 3 | EY4: Ngudi Makmur | EZ4: MARSUDI TANI 1 | FA4: Duren Manis 2 | FB4: RUKUN TANI III | FC4: GEMAH RIPAH 3 | FD4: AMONG TANI III | FE4: SEDYO MAJU III | FF4: SIDO MAKMUR II | FG4: SUMBER TANI II | FH4: KARYA MAKMUR III | FI4: RUKUN TANI 2 | FJ4: KARYA MAKMUR I | FK4: SIDO RUKUN I | FL4: HANDAYANI IV | FM4: NGUDI BOGO III | FN4: KARYA TANI III | FO4: MARGO MAKMUR III | FP4: JATI MULYO 3 | FQ4: DARMA TANI III | FR4: Margo Mulyo 10 | FS4: SUBUR MAKMUR IV | FT4: HARJO MAKMUR 3 | FU4: SETYA KARYA SATU | FV4: MEKAR SARI 3 | FW4: EDI PENI III | FX4: TANI MAKMUR II | FY4: WALUYO ASIH III | FZ4: PADI WARAS 4 | GA4: NGUPADI HASIL 3 | GB4: GEMAH RIPAH 3 | GC4: BUDI KARYA 3
A5: Kebonagung | B5: Desa Gegeran | C5: Desa Kledung | D5: Desa Gedompol | E5: Desa Kalipelus | F5: Desa Nawangan | G5: Desa Cokrokembang | H5: Desa Banjarsari | I5: Desa Glinggangan | J5: Desa Kendal | K5: Desa Klepu (Sudimoro) | L5: Desa Kebondalem | M5: Desa Jatigunung | N5: Adil Makmur III | O5: Sido Rukun III | P5: Rukun Makmur II | Q5: Sido Mulyo | R5: Sumber Urip II | S5: Margo Makmur II | T5: Lestari III | U5: Sido Subur IV | V5: Tani Maju III | W5: Sumber Urip IV | X5: Rukun Tani II | Y5: Sido Mulyo II | Z5: SIDO MAKMUR III | AA5: Rukun Santosa IV | AB5: MAKMUR RUKUN IV | AC5: AKUR IV | AD5: Guyup Rukun 03 | AE5: GUNUNG SUBUR | AF5: ENDAH PENI | AG5: HARGO MAKMUR | AH5: KARYA TUNGGAL | AI5: MAKMUR SATU | AJ5: SIDO DADI 1 | AK5: MARGO MAKMUR SATU | AL5: MEKAR DADI | AM5: Karya Makmur | AN5: Gotong Royong | AO5: KWT Mekar Sari | AP5: Mardi Makmur III | AQ5: Margo Mulyo | AR5: Dadi Mulyo | AS5: Mekar Sari | AT5: Rukun Makmur | AU5: Sido Dadi II | AV5: Rukun Tani | AW5: Giri Mulyo | AX5: Sido Tani | AY5: Sumber Makmur 4 | AZ5: Setyo Maju 5 | BA5: Tri Karsa 2 | BB5: Tani Maju 4 | BC5: Gotong Royong 4 | BD5: Sedyo Makmur 4 | BE5: Pratolo Mulyo 4 | BG5: Sido Mekar 4 | BH5: Sido Maju 4 | BI5: Sari Tani 4 | BJ5: Margo Subur 4 | BK5: Lestari IV | BL5: Ngudi Makmur 4 | BM5: Sumber Asri 4 | BN5: Setya Usaha IV | BO5: Bumi Harum 12 | BP5: Sido Rejo 4 | BQ5: Sido Makmur 4 | BR5: Karya Mandiri | BS5: Karya Bakti | BT5: Margo Rahayu 2 | BU5: Nawanggono | BV5: Bina Tani III | BW5: MARGO MULYO | BX5: Ngudi Luhur | BY5: MARSUDI SUBUR | BZ5: Karya Tani | CA5: NGUDI LUHUR IV | CB5: MARDI RAHAYU III | CC5: SUKODONO IV | CD5: RUKUN MAKMUR IV | CE5: PENI II | CF5: TUNAS HARAPAN III | CG5: MEKARSARI IV | CH5: KARYA MULYA IV | CI5: BANGUNREJO IV | CJ5: WIDYASANA III | CK5: MARGO RUKUN IV | CL5: MAKMUR IV | CM5: MARDI REJO IV | CN5: ERAS ASRI IV | CO5: NGUDI MAKMUR III | CP5: SIDO MAKMUR IV | CQ5: ERAS IV | CR5: ERAS SOBO III | CS5: Sido Asih IV | CU5: Gemah Ripah IV | CV5: Sido Dadi III | CW5: Utama Karya IV | CX5: Sumber Urip II | CY5: Sido Mekar 4 | CZ5: Gemah Ripah III | DB5: Sedyo Rukun III | DD5: Margo Makmur III | DE5: SIDO MAKMUR IV | DG5: Margo Mulyo III | DH5: ARGO MULYO IV | DI5: Mekar Sari IV | DJ5: Mugi Rahayu IV | DK5: Sido Makmur II | DL5: Sido Maju III | DM5: Sido Rukun III | DN5: Sumber Makmur II | DO5: KWT Dewi Sri | DP5: KWT Sri Tanjung | DQ5: Sidodadi III | DR5: Nuju Makmur IV | DS5: Suka Maju III | DT5: Sakti IV | DU5: Margo Mulyo III | DV5: Selo Rejeki IV | DW5: Sumber Rejeki III | DX5: Sri Rejeki IV | DY5: Lestari IV | DZ5: Gondang Rejo V | EA5: Sido Mulyo IV | EB5: Gemah Ripah IX | EC5: Sido Mulyo III | ED5: Sido Mukti I | EE5: Mekar Sari | EF5: Rahayu | EG5: Sido Dadi | EH5: Tani Murni | EI5: Rukun Mulyo | EJ5: Margo Tresno | EK5: Karya Bakti | EL5: Sido Luhur | EM5: Margo Asih | EN5: Margo Mulyo | EO5: Margo Gesang | EP5: Karya Makmur | EQ5: Sido Makmur | ER5: SUMBER REJEKI 1 | ES5: Sido Dadi 1 | ET5: Sedya Mulya 4 | EU5: LAJUR SEMPU 3 | EV5: Lumpang Bogo 2 | EW5: NGUDI TANI | EX5: Margo Mulyo 4 | EY5: Ngudi Mulyo 1 | EZ5: MARSUDI TANI 2 | FA5: KWT Ngudi Rahayu | FC5: GEMAH RIPAH 4 | FD5: AMONG TANI IV | FE5: SEDYO MAJU IV | FF5: SIDO MAKMUR IV | FG5: SUMBER TANI III | FH5: KARYA MAKMUR IV | FI5: RUKUN TANI 3 | FJ5: KARYA MAKMUR II | FK5: SIDO RUKUN II | FL5: HANDAYANI V | FM5: NGUDI BOGO IV | FN5: KARYA TANI IV | FP5: JATI MULYO 4 | FQ5: DARMA TANI IV | FR5: MARGO MULYO 2 | FS5: SUBUR MAKMUR IX | FT5: HARJO MAKMUR 4 | FU5: SETYA KARYA TIGA | FV5: MEKAR SARI 4 | FW5: EDI PENI IV | FX5: TANI MAKMUR III | FY5: WALUYO ASIH IV | FZ5: PADI WARAS 5 | GA5: NGUPADI HASIL 4 | GB5: GEMAH RIPAH 4 | GC5: BUDI KARYA 4
A6: Nawangan | B6: Desa Gembong | C6: Desa Ngunut | D6: Desa Gendaran | E6: Desa Karanganyar | F6: Desa Ngromo | G6: Desa Hadiluwih | H6: Desa Bolosingo | I6: Desa Jlubang | J6: Desa Mantren (Punung) | K6: Desa Pager Kidul | L6: Desa Kemuning | M6: Desa Jetak | N6: Adil Makmur IV | O6: Sri Mulyo | P6: Rukun Makmur III | R6: Sumber Urip III | S6: Margo Makmur III | T6: Lestari IV | V6: Tani Maju IV | W6: Sumber Urip V | X6: Rukun Tani IV | Y6: Sido Mulyo III | Z6: SIDO MAKMUR IV | AA6: Rukun Santosa V | AB6: MAKMUR RUKUN IX | AC6: AKUR IX | AD6: Guyup Rukun 04 | AE6: GUNUNG SUBUR I | AF6: HAYATI | AG6: KAMBOJA | AH6: MAJU MAKMUR | AI6: MAKMUR TIGA | AJ6: SIDO MAJU | AK6: MARGO MAKMUR TIGA | AL6: MEKAR SARI | AM6: Karya Makmur I | AN6: Maju Lancar | AO6: Maju Lancar | AP6: Murih Widodo | AQ6: Ngudi Mulyo | AR6: Kelapa Sari | AS6: Ngudi Bogo | AT6: Sido Mukti | AU6: Sri Rejeki I | AV6: Sedya Maju | AW6: Karya Tani | AX6: Subur | AY6: Sumber Makmur 5 | AZ6: Setyo Maju 6 | BA6: Tri Karsa 3 | BB6: Tani Maju 5 | BC6: Gotong Royong 5 | BD6: Sedyo Makmur 5 | BE6: Pratolo Mulyo 5 | BG6: Sido Mekar 5 | BH6: Sido Maju 5 | BI6: Sari Tani 5 | BJ6: Margo Subur 5 | BL6: Ngudi Makmur 5 | BM6: Sumber Asri 5 | BN6: Setya Usaha V | BO6: Bumi Harum 13 | BP6: Sido Rejo 5 | BQ6: Sido Makmur 5 | BR6: Mawar Putih | BS6: Kundang Makmur | BT6: Margo Utomo | BU6: Nawanggono II | BV6: Karya Tani | BW6: MITRA TANI | BX6: Rukun Tani I | BY6: Marsudi Tani | BZ6: Maju Lancar | CA6: NGUDI LUHUR V | CB6: MARDI RAHAYU IV | CD6: RUKUN MAKMUR V | CE6: PENI III | CF6: TUNAS HARAPAN IV | CG6: MEKARSARI V | CH6: KARYA MULYA V | CI6: BANGUNREJO IX | CJ6: WIDYASANA IV | CK6: MARGO RUKUN V | CL6: Seruni | CM6: MARDI REJO V | CN6: ERAS ASRI V | CO6: NGUDI MAKMUR IV | CP6: SIDO MAKMUR V | CQ6: ERAS V | CR6: ERAS SOBO IV | CU6: Gemah Ripah V | CX6: Sumber Urip III | CY6: Sido Mekar 5 | CZ6: Gemah Ripah IV | DB6: Sedyo Rukun IV | DD6: Margo Makmur IV | DE6: SIDO MAKMUR V | DH6: ARGO MULYO IX | DI6: Mekar Sari V | DJ6: Mugi Rahayu V | DK6: Sido Makmur III | DL6: Sido Maju IV | DN6: Sumber Makmur III | DO6: KWT Srikandi | DR6: Nuju Makmur IX | DS6: Suka Maju IV | DT6: Sakti IX | DU6: Margo Mulyo IV | DV6: Selo Rejeki IX | DW6: Sumber Rejeki IV | DX6: Sri Rejeki IX | DY6: Lestari V | DZ6: Gondang Rejo VIII | EA6: Sido Mulyo V | EB6: Gemah Ripah VI | EC6: Sido Mulyo IV | ED6: Sido Mukti II | EE6: Ratih Tani | EF6: Sedyo Mulyo | EG6: Sumber Rejeki | EI6: Rukun Mulyo 2 | EJ6: Rebo Kliwon I | EK6: Karya Makmur | EL6: Sido Makmur | EM6: Margo Mulyo | EN6: Mekar Sari | EO6: Ngudi Lestari | EP6: Rejo Mulyo | EQ6: Sido Mulyo | ER6: SUMBER REJEKI 2 | ES6: Sido Dadi 2 | ET6: Sedya Mulya 5 | EU6: LAJUR SEMPU 4 | EV6: Pagergunung 1 | EW6: SEDYO MAKMUR | EX6: Margo Mulyo 5 | EY6: Ngudi Mulyo 2 | EZ6: NGUDI RAHAYU 1 | FA6: Makmur Lestari | FC6: GEMAH RIPAH 5 | FD6: AMONG TANI IX | FE6: SEDYO MAJU V | FF6: SIDO RUKUN II | FG6: SUMBER TANI IV | FH6: KARYA MAKMUR V | FI6: RUKUN TANI 4 | FJ6: KARYA MAKMUR III | FK6: SIDO RUKUN III | FL6: HANDAYANI VI | FM6: NGUDI BOGO V | FN6: KARYA TANI V | FP6: JATI MULYO 5 | FQ6: DARMA TANI V | FR6: MARGO MULYO 3 | FS6: SUBUR MAKMUR VII | FT6: HARJO MAKMUR 5 | FV6: MEKAR SARI 5 | FW6: EDI PENI V | FX6: TANI MAKMUR IV | FZ6: PADI WARAS 6 | GA6: NGUPADI HASIL 5 | GB6: GEMAH RIPAH 5 | GC6: BUDI KARYA 5
A7: Ngadirojo | B7: Desa Gunungsari | C7: Desa Petungsinarang | D7: Desa Kalak | E7: Desa Karangnongko | F7: Desa Pakisbaru | G7: Desa Hadiwarno | H7: Desa Kayen | I7: Desa Ngadirejan | J7: Desa Mendolo Kidul | K7: Desa Pager Lor | L7: Desa Ngreco | M7: Desa Kalikuning | O7: Subur | P7: Rukun Makmur IV | R7: Sumber Urip IV | S7: Margo Makmur IV | V7: Tani Maju IX | W7: Sumber Urip VI | X7: Rukun Tani V | Y7: Sido Mulyo IV | Z7: SIDO MAKMUR IX | AA7: Rukun Santoso II | AB7: MAKMUR RUKUN V | AC7: AKUR V | AD7: Guyup Rukun 05 | AE7: Kartini | AF7: MARGO MAKMUR | AG7: KARYA BAKTI | AH7: Margo Makmur | AI7: PERINTIS | AJ7: SIDO MAJU 1 | AK7: MARGO MULYO DUA | AL7: MUGI LESTARI | AM7: Karya Makmur II | AN7: Mardi Laras | AO7: Margo Makmur | AP7: Ngunduh Pakarti | AQ7: Sido Maju | AR7: Margo Rukun | AS7: Ngudi Karyo | AT7: Sri Rejeki | AU7: Sri Rejeki II | AV7: Sido Dadi | AW7: Langen Karyo | AX7: Sumber Agung | AZ7: Setyo Maju 7 | BA7: Tri Karsa 4 | BB7: Tani Maju 6 | BC7: Gotong Royong 6 | BD7: Sedyo Makmur 6 | BE7: Pratolo Mulyo 6 | BG7: Sido Mekar 6 | BH7: Sido Maju 6 | BI7: Sari Tani 6 | BL7: Ngudi Makmur 6 | BM7: Sumber Asri 6 | BN7: Setya Usaha VI | BO7: Bumi Harum 2 | BQ7: Sido Makmur 6 | BR7: Mugi Lancar | BS7: Lestari | BT7: Melati | BU7: Nawanggono III | BV7: Mawar | BW7: Muda Taruna Mandiri | BX7: Rukun Tani II | BY7: Marsudi Tani I | BZ7: Melati | CA7: Sumber Rejeki | CB7: MARDI RAHAYU V | CD7: RUKUN MAKMUR VI | CE7: PENI IV | CF7: TUNAS HARAPAN IX | CI7: BANGUNREJO V | CJ7: WIDYASANA IX | CK7: MARGO RUKUN VI | CO7: NGUDI MAKMUR V | CP7: SIDO MAKMUR VI | CU7: Gemah Ripah VI | CX7: Sumber Urip IV | DB7: Sedyo Rukun V | DD7: Margo Makmur IX | DE7: SIDO MAKMUR VI | DH7: ARGO MULYO V | DI7: Mekar Sari VI | DJ7: Mugi Rahayu VI | DK7: Sido Makmur IV | DL7: Sido Maju V | DR7: Nuju Makmur V | DS7: Suka Maju VI | DT7: Sakti V | DU7: Margo Mulyo VI | DV7: Selo Rejeki V | DW7: Sumber Rejeki IX | DX7: Sri Rejeki Lima | DY7: Lestari VI | DZ7: Karya Makmur | EA7: Sido Mulyo VI | EB7: Gemah Ripah VII | EC7: Sido Mulyo IX | ED7: Sido Mukti III | EE7: Ratih Tani III | EF7: Sendang Sari | EI7: Suko Makmur | EJ7: Rebo Kliwon II | EK7: Makaryo | EL7: Sri Rejeki | EM7: Margo Tresno | EN7: Pangupo Jiwo | EO7: Sido Dadi | EP7: Ringin Bakti | EQ7: Sido Tentrem | ER7: SUMBER REJEKI 3 | ES7: Subur Abadi | ET7: Sedya Mulya 6 | EU7: LAJUR SEMPU 5 | EV7: Pagergunung 2 | EW7: SUMBER REJEKI | EX7: Margo Mulyo 6 | EY7: Sido Maju | EZ7: NGUDI RAHAYU 2 | FA7: Ngudi Lestari 1 | FC7: GEMAH RIPAH 6 | FD7: AMONG TANI V | FF7: SIDO RUKUN IV | FG7: SUMBER TANI V | FH7: KARYA MAKMUR VI | FI7: RUKUN TANI I | FJ7: KARYA MAKMUR IV | FK7: SIDO RUKUN IV | FL7: HANDAYANI VII | FM7: NGUDI BOGO VI | FN7: KWT. BUNGUR ASRI | FP7: JATI MULYO 6 | FQ7: DARMA TANI VI | FR7: MARGO MULYO 4 | FS7: SUBUR MAKMUR VIII | FT7: HARJO MAKMUR 6 | FV7: MEKAR SARI 6 | FW7: Wanodyo Joyo | FX7: TANI MAKMUR V | FZ7: PADI WARAS I | GB7: GEMAH RIPAH 6 | GC7: BUDI KARYA 6
A8: Pacitan | B8: Desa Jatimalang | C8: Desa Tumpuk | D8: Desa Klepu Donorojo | E8: Desa Katipugal | F8: Desa Penggung | G8: Desa Ngadirojo | H8: Desa Kembang | I8: Desa Pelem | J8: Desa Mendolo Lor | K8: Desa Sembowo | L8: Desa Ploso (Tegalombo) | M8: Desa Ketro (Tulakan) | P8: Rukun Makmur V | R8: Sumber Urip V | V8: Tani Maju V | X8: Rukun Tani VI | Z8: SIDO MAKMUR V | AB8: MAKMUR RUKUN VI | AC8: AKUR VI | AD8: Guyup Rukun 06 | AE8: MAJU MAPAN | AF8: NGUDI MAKMUR | AG8: KARYA TANI | AH8: MARGO MULYO BARU | AI8: SEJAHTERA DUA | AJ8: SIDO MAKMUR | AK8: MARGO MULYO SATU | AL8: MULYA TANI | AM8: Karya Manunggal I | AN8: Margo Laras | AO8: Margo Mulyo | AP8: Padi Murni | AQ8: Tani Lestari | AR8: Margo Tentrem | AS8: Ngudi Makmur | AT8: Sumber Makmur | AU8: Sri Rejeki III | AV8: Sido Maju | AW8: Sido Muncul | AX8: Sumber Makmur | AZ8: Setyo Maju Dua | BA8: Tri Karsa 5 | BC8: Gotong Royong 7 | BD8: Sedyo Makmur 7 | BG8: Sido Mekar 7 | BH8: Sido Maju 7 | BI8: Sari Tani 7 | BL8: Ngudi Makmur 7 | BM8: Sumber Asri 7 | BN8: Setya Usaha VII | BO8: Bumi Harum 3 | BR8: Pelita Jaya | BS8: Nusa Indah | BT8: Sri Mulya | BU8: Sendang Mulyo | BV8: Ngudi Rahayu I | BW8: Ngudi Mulyo | BX8: Sari Mulyo I | BY8: Ngestu Tani | BZ8: Ngudi Makmur | CB8: MARDI RAHAYU VI | CD8: RUKUN MAKMUR VII | CE8: PENI V | CF8: TUNAS HARAPAN V | CI8: BANGUNREJO VI | CJ8: WIDYASANA V | CK8: MARGO RUKUN VII | CO8: NGUDI MAKMUR VI | CU8: KWT Mekar Sari | CX8: Sumber Urip V | DB8: Sedyo Rukun VI | DD8: Margo Makmur V | DE8: SIDO MAKMUR VII | DH8: ARGO MULYO VI | DI8: Mekar Sari VII | DJ8: Mugi Rahayu VII | DK8: Sido Makmur IX | DR8: Nuju Makmur VI | DT8: Sakti VI | DU8: Margo Mulyo VII | DV8: Selo Rejeki VI | DW8: Sumber Rejeki V | DX8: Sri Rejeki Sepuluh | DY8: Lestari VII | DZ8: Kembang Rejo | EB8: Gemah Ripah VIII | EC8: Sido Mulyo Nol Satu | ED8: Sido Mukti IV | EE8: Ratih Tani IV | EF8: Sri Rejeki | EI8: Tani Makmur | EJ8: Rebo Legi | EK8: Ngudi Makmur | EL8: Sumberejo | EM8: Margo Utomo | EN8: Punadirpa | EO8: Sido Mulyo I | EP8: Sido Mukti | EQ8: Sumber Makmur | ER8: TANI MAJU 1 | ES8: Suko Makmur | ET8: Sedya Mulya 7 | EU8: LAJUR SEMPU 6 | EV8: Tumpang Lestari | EW8: SUMBER URIP MULYO | EX8: Margo Rukun 1 | EY8: SIDO MAKMUR | EZ8: SALAM REJO | FA8: Ngudi Lestari 2 | FC8: GEMAH RIPAH 7 | FD8: AMONG TANI VI | FF8: SIDO RUKUN VI | FG8: SUMBER TANI VI | FH8: KARYA MAKMUR VII | FI8: RUKUN TANI MAJU | FJ8: KWT SUMBER WARAS | FL8: HANDAYANI VIII | FM8: NGUDI BOGO VII | FP8: JATI MULYO 7 | FR8: MARGO MULYO 5 | FV8: MEKAR SARI 7 | FX8: TANI MAKMUR VI | GB8: KWT ALAS SUBUR
A9: Pringkuku | B9: Desa Jetis Kidul | C9: Desa Watupatok | D9: Desa Sawahan | E9: Desa Kebonagung | F9: Desa Sempu | G9: Desa Nogosari | H9: Desa Menadi | I9: Desa Poko | J9: Desa Piton | K9: Desa Sudimoro | L9: Desa Pucangombo | M9: Desa Ketro Harjo | P9: Rukun Makmur VI | R9: Sumber Urip VI | V9: Tani Maju VI | X9: Rukun Tani VII | Z9: SIDO MAKMUR VI | AB9: MAKMUR RUKUN VII | AC9: AKUR VII | AE9: MARGO UTOMO | AF9: NGUDI REJEKI | AG9: NGUDI LUHUR | AH9: Mawar Putih | AI9: SEJAHTERA SATU | AJ9: SIDO MAKMUR 1 | AK9: MARGO MULYO TIGA | AL9: RUKUN TANI | AM9: Karya Manunggal II | AN9: Mugi Rahayu | AO9: Ngudi Mulyo | AP9: Rahayu Widodo | AR9: Sido Maju I | AS9: Ngudi Mulyo | AT9: Tani Mulyo | AU9: Sri Rejeki IV | AV9: Sido Makmur | AW9: Sidorejo | AX9: Sumber Rejeki | AZ9: Sido Makmur | BA9: Tri Karsa 6 | BC9: Gotong Royong 8 | BD9: Sedyo Makmur 8 | BH9: Winasri | BI9: Sari Tani 8 | BL9: Ngudi Makmur 8 | BO9: Bumi Harum 4 | BR9: Sumber Rejeki | BS9: Setya Karya | BT9: Sumber Dadi | BU9: Setya Karya | BV9: Ngudi Rahayu II | BW9: Rukun Santosa | BX9: Sari Mulyo II | BY9: Rahayu | BZ9: Ngudi Makmur II | CB9: MARDI RAHAYU VII | CE9: PENI VI | CF9: TUNAS HARAPAN VI | CI9: BANGUNREJO VII | CJ9: WIDYASANA VI | CO9: SIDO MAKMUR I | DD9: Margo Makmur VI | DE9: SIDO MAKMUR VIII | DH9: ARGO MULYO VII | DI9: Mekar Sari VIII | DK9: Sido Makmur V | DR9: Nuju Makmur VII | DT9: Sakti VII | DU9: Margo Mulyo VIII | DV9: Selo Rejeki VII | DW9: Sumber Rejeki VI | DX9: Sri Rejeki VI | DY9: Lestari VIII | DZ9: Maju Makmur | EB9: Gemah Ripah X | EC9: Sido Mulyo V | ED9: Sido Mukti V | EE9: Sedyo Rukun | EF9: Tambah Rejo | EI9: Tani Mulyo | EJ9: Tani Makmur | EK9: Sumber Makmur | EL9: Tani Mulyo I | EM9: Ngudi Mulyo | EN9: Purwodadi | EO9: Sido Mulyo II | ER9: TANI MAJU 2 | ET9: Sido Makmur 1 | EU9: MANDIRI | EV9: Wana Asri | EW9: TANI ASLI 1 | EX9: Margo Rukun 2 | EY9: Suko Makmur | EZ9: SEDYO MAJU | FA9: Ngudi Lestari 3 | FC9: KWT GEMAH LESTARI | FD9: AMONG TANI VII | FF9: TOMPAK MIJIL | FH9: KARYA MAKMUR VIII | FI9: SIDO MAKMUR | FJ9: KWT WANDIRA | FL9: KWT.TENGGAR ASRI | FM9: NGUDI BOGO VIII | FP9: JATI MULYO 8 | FR9: MARGO MULYO 6 | GB9: KWT ATSIRI JAYA
A10: Punung | B10: Desa Karanggede | D10: Desa Sekar | E10: Desa Ketepung | F10: Desa Tokawi | G10: Desa Pagerejo | H10: Desa Mentoro | I10: Desa Pringkuku | J10: Desa Ploso (Punung) | K10: Desa Sukorejo | L10: Desa Tahunan | M10: Desa Kluwih | V10: Tani Maju VII | Z10: SIDO MAKMUR VII | AB10: MAKMUR RUKUN VIII | AC10: AKUR VIII | AE10: Mbudidoyo | AF10: SARI BUMI | AG10: NGUDI MAKMUR | AH10: REJO MAKMUR | AI10: SETYA KARYA DUA | AJ10: SIDO MUKTI | AK10: MUDA TANI DUA | AL10: Sari Mulyo | AM10: Karya Tani | AN10: Ngudi Luhur | AO10: Ngudi Utomo | AP10: Sayuk Rukun | AR10: Sido Maju II | AS10: Ngudi Rahayu | AU10: Sumber Rejeki | AW10: Sumber Mulyo | BA10: Tri Karsa 7 | BC10: Gotong Royong 9 | BD10: Sedyo Makmur 9 | BI10: Sari Tani 9 | BO10: Bumi Harum 5 | BR10: Tani Maju | BS10: Sido Mulyo | BT10: Tani Mulya | BU10: Setya Tani | BV10: Sri Sedono | BW10: Seroja | BX10: Setya Tani | BY10: Sari Bumi | BZ10: Sari Bumi | CE10: PENI VII | CF10: TUNAS HARAPAN VII | CI10: BANGUNREJO VIII | CJ10: Widyasana VII | CO10: SIDO MAKMUR II | DD10: Margo Makmur VII | DH10: ARGO MULYO VIII | DK10: Sido Makmur VI | DR10: Nuju Makmur VIII | DT10: Sakti VIII | DV10: Selo Rejeki VIII | DW10: Sumber Rejeki VII | DX10: Sri Rejeki VII | DZ10: Pindul Makmur | EB10: Gemah Ripah XI | EC10: Sido Mulyo VI | ED10: Sido Mukti VII | EE10: Sido Makmur | EF10: Tani Maju | EI10: Tani Rukun | EL10: Tani Mulyo II | EM10: Rukun Tani | EN10: Subur Makmur | EO10: Sido Rukun I | ER10: TANI MAKMUR 1 | ET10: Sido Makmur 2 | EU10: MARGO MULYO 1 | EV10: Worawari 1 | EW10: TANI ASLI 2 | EX10: Margo Rukun 3 | EY10: Sumber Pangan | EZ10: SETYO TANI 1 | FA10: Selo Makmur 1 | FD10: AMONG TANI VIII | FH10: KWT HAYATI | FI10: SIDO TANI MAJU | FJ10: MARGO MAKMUR ABADI | FM10: RUKUN | FP10: JATI MULYO 9 | FR10: MARGO MULYO 7
A11: Sudimoro | B11: Desa Karangrejo | D11: Desa Sendang | E11: Desa Ketro (Kebonagung) | G11: Desa Sidomulyo (Ngadirojo) | H11: Desa Nanggungan | I11: Desa Sobo | J11: Desa Punung | K11: Desa Sumber Rejo | L11: Desa Tahunan Baru | M11: Desa Losari | V11: Tani Maju VIII | Z11: SIDO MAKMUR VIII | AB11: MAKMUR RUKUN X | AC11: AKUR X | AE11: Nggrening | AF11: SARI REJEKI | AG11: NGUDI RUKUN | AH11: REJO SARI | AI11: SETYA KARYA SATU | AJ11: SIDO MULYO | AK11: MUDA TANI SATU | AL11: SEDYO MULYO | AM11: Margo Makmur | AN11: Sedyo Mulyo | AO11: Padas Subur | AP11: Sri Rahayu | AR11: Sido Makmur | AS11: Ngudi Rejeki | AU11: Tani Rukun | AW11: Sumber Rejeki | BA11: Tri Karsa 8 | BC11: Sumber Makmur | BO11: Bumi Harum 6 | BS11: Sri Mulyo | BU11: Sido Makmur | BV11: Sumber Rejeki | BW11: SIDO MAKMUR | BX11: Sidorejo | BY11: Sido Makmur | BZ11: Sari Tani | CE11: PENI VIII | CF11: TUNAS HARAPAN VIII | CJ11: WIDYASANA VIII | CO11: SIDO MAKMUR III | DD11: Margo Makmur VIII | DH11: ARGO MULYO X | DK11: Sido Makmur VII | DR11: Nuju Makmur X | DT11: Sakti X | DV11: Selo Rejeki X | DW11: Sumber Rejeki VIII | DX11: Sri Rejeki VIII | DZ11: Sambi Rejo | EB11: Gemah Ripah XII | EC11: Sido Mulyo VII | EE11: Sri Mulyo | EF11: Tani Widodo | EL11: Tuhu Bakti I | EM11: Sedyo Rukun | EN11: Sumber Agung | EO11: Suka Maju | ER11: TANI MAKMUR 2 | ET11: Sumber Rejeki 1 | EU11: MARGO MULYO 2 | EV11: Worawari 2 | EW11: TANI MAJU 1 | EX11: Margo Rukun 4 | EY11: Sumber Rejeki 1 | EZ11: SETYO TANI 2 | FA11: Selo Makmur 2 | FD11: SAMPURNA ABADI | FH11: RUMAH TANI MAKMUR | FJ11: NGUDI REJEKI | FP11: KWT JATI ASRI | FR11: Suka Maju
A12: Tegalombo | B12: Desa Kedungbendo | D12: Desa Sukodono | E12: Desa Klesem | G12: Desa Tanjunglor | H12: Kelurahan Pacitan | I12: Desa Sugihwaras | J12: Desa Sooka | L12: Desa Tegalombo | M12: Desa Ngile | Z12: SIDO MAKMUR X | AC12: AKUR XI | AE12: NGGRENING DUA | AF12: SARI TANI | AG12: NGUDI SUBUR 01 | AH12: SIDO URIP | AI12: SETYA KARYA TIGA | AJ12: SIDO MULYO 1 | AK12: NGUDI MULYO | AL12: SEDYO RUKUN | AM12: Marsudi Makmur I | AN12: Sido Maju | AO12: Setyo Tuhu | AP12: Sri Rejeki | AS12: Ngudi Santoso | BA12: Tri Karsa 9 | BO12: Bumi Harum 7 | BS12: Sri Rejeki | BU12: Sri Lestari | BV12: Tani Makmur | BW12: SIDO RUKUN | BX12: Sinar pelita | BY12: Sri Tani | BZ12: SIDO DADI | CO12: SIDO MAKMUR IV | DH12: ARGO MULYO XI | DK12: Sido Makmur VIII | DR12: Nuju Makmur XI | DT12: Sakti XI | DX12: Sri Rejeki XI | DZ12: Sido Makmur I | EC12: Sido Mulyo VIII | EE12: Tani Mulyo | EL12: Tuhu Bakti II | EM12: Tani Maju | EN12: Sumber Agung Muda | ET12: Sumber Rejeki 2 | EU12: MARGO RUKUN | EW12: TANI MAJU 2 | EY12: Sumber Rejeki 2 | FA12: Swadaya Mandiri 1 | FH12: SIDO MAKMUR | FJ12: SIDO DADI GROGOL | FR12: TRI MULYO
A13: Tulakan | B13: Desa Mangunharjo | D13: Desa Widoro (Donorojo) | E13: Desa Mantren (Kebonagung) | G13: Desa Tanjungpuro | H13: Kelurahan Ploso | I13: Desa Tamanasri | J13: Desa Tinatar | M13: Desa Nglaran | Z13: SIDO MAKMUR XI | AC13: Akur XII | AE13: NGGRENING SATU | AF13: SETYA KAWAN | AG13: NGUDI SUBUR 02 | AH13: SRI REJEKI | AI13: SIDO DADI DUA | AJ13: SIDO MUNCUL | AK13: NGUDI TANI | AL13: SETYA TANI | AM13: Marsudi Makmur II | AN13: Sri Mulyo | AO13: Sido Mulyo | AP13: Sumber Rejeki | AS13: Ngudi Tani | BA13: TUNAS BARU | BO13: Bumi Harum 8 | BS13: Sumber Karya | BU13: Sri Rejeki | BW13: SINAR HARAPAN | BX13: Sinar Pelita I | BY13: Srikandi | BZ13: Sido Makmur | DH13: ARGO MULYO XII | DK13: Sido Makmur X | DR13: Nuju Makmur XII | DT13: Sakti XII | DX13: Sri Rejeki XII | DZ13: Sido Makmur II | EE13: Tani Rukun | EM13: Tani Murni | EN13: Sumber Asih | EU13: SIDO DADI 1 | EW13: TANI MAJU 3 | EY13: Sumber Tani | FA13: Swadaya Mandiri 2 | FH13: TANI BERKAH
B14: Desa Mlati | E14: Desa Plumbungan | G14: Desa Wiyoro | H14: Desa Ponggok | I14: Desa Watu Karung | J14: Desa Wareng | M14: Desa Ngumbul | AC14: AKUR XIII | AE14: NGUDI MULYO | AF14: SETYA TANI | AG14: NGUDI SUBUR III | AH14: SUMBER MAKMUR | AI14: SIDO DADI SATU | AJ14: SUKA MAJU | AK14: RAHAYU | AL14: SIDO RUKUN | AM14: Marsudi Makmur III | AN14: Sri Rahayu | AO14: SUMBER AGUNG | AP14: Tani Makmur | AS14: Rahayu | BO14: Bumi Harum 9 | BS14: Sumber Rejeki | BU14: Sri Rejeki II | BX14: Sinar Pelita II | BY14: Suka Tani | BZ14: Sido Makmur II | DK14: Sido Makmur XI | DR14: Nuju Makmur XIII | DT14: Sakti XIII | DX14: Sri Rejeki XIII | DZ14: Sido Makmur III | EN14: Tani Rukun | EU14: SIDO DADI 2 | EW14: USAHA TANI 1 | EY14: Tani Harapan | FA14: Wana Lestari 1 | FH14: TANI MAJU
B15: Desa Pagutan | E15: Desa Punjung | G15: Desa Wonoasri | H15: Kelurahan Pucangsewu | M15: Desa Padi | AE15: PETUNG | AF15: SIDO RUKUN | AG15: SARI REJEKI | AH15: SUMBER REJEKI | AI15: SIDO MAKMUR | AK15: RUKUN TANI | AL15: TAMAN TANI | AM15: Ngudi Makmur I | AN15: Sri Rejeki | AO15: Sumber Rejeki | AS15: Sumber Rejeki | BS15: Sumber Sari | BU15: Sri Sadono | BX15: Tunas Subur | BY15: Tani Sido Makmur | BZ15: Sido Rukun | DR15: Nuju Makmur XIV | DT15: Sakti XIV | DX15: Sri Rejeki XIV | DZ15: Tani Mulya | EU15: SUMBER LANCAR | EW15: USAHA TANI 2 | EY15: Tani Makmur | FA15: Wana Lestari 2 | FH15: TANI MAKMUR
B16: Desa Sedayu | E16: Desa Purwoasri | G16: Desa Wonodadi Kulon | H16: Desa Purworejo | M16: Desa Tulakan | AE16: REJO MULYO | AF16: SUMBER MULYO | AG16: SIDO LUHUR | AH16: TUNAS MANUNGGAL | AI16: SIDO MULYO | AK16: SERBA TANI | AL16: TANI RUKUN SATU | AM16: Ngudi Makmur II | AO16: Tani Rukun | AS16: Sumber Rejo | DR16: Nuju Makmur XV | DT16: Sakti XIX | DZ16: Wayah Makmur | EU16: TANI SUBUR | EY16: Tani Mulyo | FH16: TANI MULYA
B17: Desa Temon | E17: Desa Sanggrahan | G17: Desa Wonodadi Wetan | H17: Desa Sambong | M17: Desa Wonoanti | AE17: SARI MULYO | AF17: SUMBER REJEKI | AG17: SIDO MAKMUR | AI17: TERATAI | AL17: WARGO TANI II | AM17: Ngudi Rahayu | AO17: WANA BOGA | AS17: Tani Maju | DR17: Nuju Makmur XVI | DT17: Sakti XV | EY17: Tani Murni | FH17: TANI SEJAHTERA
B18: Desa Tremas | E18: Desa Sidomulyo (Kebonagung) | G18: Desa Wonokarto | H18: Desa Sedeng | M18: Desa Wonosidi | AE18: SARI MULYO I | AF18: SUMBER URIP | AG18: SIDO RUKUN | AL18: WARGO TANI SATU | AM18: Sido Maju I | AS18: Tani Mulyo | DR18: Nuju Makmur XVI A | DT18: Sakti XVI | EY18: Tunas Harapan
E19: Desa Wonogondo | G19: Desa Wonosobo | H19: Desa Semanten | AE19: SIDO MAJU | AF19: TANI MAKMUR | AG19: SUMBER REJEKI | AM19: Sido Maju II | DT19: Sakti XVII | EY19: Usaha Tani
E20: Desa Worawari | H20: Kelurahan Sidoharjo | AE20: SIDO MAKMUR | AF20: TANI MULYO | AG20: TANI LESTARI | AM20: Sido Makmur | DT20: Sakti XVIII
H21: Desa Sirnoboyo | AE21: SIDO MAKMUR 4 | AF21: UNGGUL | AG21: TANI SUBUR 01 | AM21: Wana Lestari
H22: Desa Sukoharjo | AE22: Suroloyo | AF22: WIDODO MULYO | AG22: TANI SUBUR 02
H23: Desa Sumberharjo | AE23: Suroloyo I | AG23: TANI UTOMO
H24: Desa Tambakrejo | AG24: WARGO RUKUN
H25: Desa Tanjungsari
H26: Desa Widoro (Pacitan)
H30: Kelurahan Baleharjo
H31: Kelurahan Pacitan
H32: Kelurahan Ploso
H33: Kelurahan Pucangsewu
H34: Kelurahan Sidoharjo
H35: Desa Arjowinangun
H36: Desa Bangunsari
H37: Desa Banjarsari
H38: Desa Bolosingo
H39: Desa Kayen
... H54: Desa Widoro

Sheet Data Poktan List
A1: Desa Arjosari | B1: Desa Borang | C1: Desa Gayuhan | D1: Desa Gegeran | E1: Desa Gembong | F1: Desa Gunungsari | G1: Desa Jatimalang | H1: Desa Jetis Kidul | I1: Desa Karanggede | J1: Desa Karangrejo | K1: Desa Kedungbendo | L1: Desa Mangunharjo | M1: Desa Mlati | N1: Desa Pagutan | O1: Desa Sedayu | P1: Desa Temon | Q1: Desa Tremas | R1: Desa Bandar | S1: Desa Bangunsari Bandar | T1: Desa Jeruk | U1: Desa Kledung | V1: Desa Ngunut | W1: Desa Petungsinarang | X1: Desa Tumpuk | Y1: Desa Watupatok | Z1: Desa Belah | AA1: Desa Cemeng | AB1: Desa Donorojo | AC1: Desa Gedompol | AD1: Desa Gendaran | AE1: Desa Kalak | AF1: Desa Klepu Donorojo | AG1: Desa Sawahan | AH1: Desa Sekar | AI1: Desa Sendang | AJ1: Desa Sukodono | AK1: Desa Widoro (Donorojo) | AL1: Desa Banjarjo | AM1: Desa Gawang | AN1: Desa Gembuk | AO1: Desa Kalipelus | AP1: Desa Karanganyar | AQ1: Desa Karangnongko | AR1: Desa Katipugal | AS1: Desa Kebonagung | AT1: Desa Ketepung | AU1: Desa Ketro (Kebonagung) | AV1: Desa Klesem | AW1: Desa Mantren (Kebonagung) | AX1: Desa Plumbungan | AY1: Desa Punjung | AZ1: Desa Purwoasri | BA1: Desa Sanggrahan | BB1: Desa Sidomulyo (Kebonagung) | BC1: Desa Wonogondo | BD1: Desa Worawari | BE1: Desa Gondang | BF1: Desa Jetislor | BG1: Desa Mujing | BH1: Desa Nawangan | BI1: Desa Ngromo | BJ1: Desa Pakisbaru | BK1: Desa Penggung | BL1: Desa Sempu | BM1: Desa Tokawi | BN1: Desa Bodag | BO1: Desa Bogoharjo | BP1: Desa Cangkring | BQ1: Desa Cokrokembang | BR1: Desa Hadiluwih | BS1: Desa Hadiwarno | BT1: Desa Ngadirojo | BU1: Desa Nogosari | BV1: Desa Pagerejo | BW1: Desa Sidomulyo (Ngadirojo) | BX1: Desa Tanjunglor | BY1: Desa Tanjungpuro | BZ1: Desa Wiyoro | CA1: Desa Wonoasri | CB1: Desa Wonodadi Kulon | CC1: Desa Wonodadi Wetan | CD1: Desa Wonokarto | CE1: Desa Wonosobo | CF1: Desa Arjowinangun | CG1: Kelurahan Baleharjo | CH1: Desa Bangunsari (Pacitan) | CI1: Desa Banjarsari | CJ1: Desa Bolosingo | CK1: Desa Kayen | CL1: Desa Kembang | CM1: Desa Menadi | CN1: Desa Mentoro | CO1: Desa Nanggungan | CP1: Kelurahan Pacitan | CQ1: Kelurahan Ploso | CR1: Desa Ponggok | CS1: Kelurahan Pucangsewu | CT1: Desa Purworejo | CU1: Desa Sambong | CV1: Desa Sedeng | CW1: Desa Semanten | CX1: Kelurahan Sidoharjo | CY1: Desa Sirnoboyo | CZ1: Desa Sukoharjo | DA1: Desa Sumberharjo | DB1: Desa Tambakrejo | DC1: Desa Tanjungsari | DD1: Desa Widoro (Pacitan) | DE1: Desa Candi | DF1: Desa Dadapan | DG1: Desa Dersono | DH1: Desa Glinggangan | DI1: Desa Jlubang | DJ1: Desa Ngadirejan | DK1: Desa Pelem | DL1: Desa Poko | DM1: Desa Pringkuku | DN1: Desa Sobo | DO1: Desa Sugihwaras | DP1: Desa Tamanasri | DQ1: Desa Watu Karung | DR1: Desa Bomo | DS1: Desa Gondosari | DT1: Desa Kebonsari | DU1: Desa Kendal | DV1: Desa Mantren (Punung) | DW1: Desa Mendolo Kidul | DX1: Desa Mendolo Lor | DY1: Desa Piton | DZ1: Desa Ploso (Punung) | EA1: Desa Punung | EB1: Desa Sooka | EC1: Desa Tinatar | ED1: Desa Wareng | EE1: Desa Gunung Rejo | EF1: Desa Karang Mulyo | EG1: Desa Ketanggung | EH1: Desa Klepu (Sudimoro) | EI1: Desa Pager Kidul | EJ1: Desa Pager Lor | EK1: Desa Sembowo | EL1: Desa Sudimoro | EM1: Desa Sukorejo | EN1: Desa Sumber Rejo | EO1: Desa Gedangan | EP1: Desa Gemaharjo | EQ1: Desa Kasihan | ER1: Desa Kebondalem | ES1: Desa Kemuning | ET1: Desa Ngreco | EU1: Desa Ploso (Tegalombo) | EV1: Desa Pucangombo | EW1: Desa Tahunan | EX1: Desa Tahunan Baru | EY1: Desa Tegalombo | EZ1: Desa Bubakan | FA1: Desa Bungur | FB1: Desa Gasang | FC1: Desa Jatigunung | FD1: Desa Jetak | FE1: Desa Kalikuning | FF1: Desa Ketro (Tulakan) | FG1: Desa Ketro Harjo | FH1: Desa Kluwih | FI1: Desa Losari | FJ1: Desa Ngile | FK1: Desa Nglaran | FL1: Desa Ngumbul | FM1: Desa Padi | FN1: Desa Tulakan | FO1: Desa Wonoanti | FP1: Desa Wonosidi
A2: KWT Ngudi Rejeki Lancar | B2: KWT Sido Lestari | C2: KWT Gayuh Sehat I | D2: KWT Tani Maju | E2: KWT Sumber Urip I | F2: KWT Dahlia | G2: KWT Eka Mandiri | H2: Sido Subur I | I2: KWT Mawar | J2: Sumber Urip I | K2: KWT Sido Makmur | L2: KWT Dahlia | M2: KWT SEKAR TANJUNG | N2: KWT MAWAR | O2: MAKMUR RUKUN I | P2: AKUR I | Q2: KWT PERTIWI | R2: BINTANG TIMUR | S2: BLIMBING TANI | T2: BUDI LUHUR | U2: BLOROK MADU | V2: KWT. MELATI | W2: KENANGA I | X2: ANGGIAT TANI | Y2: DADI MAKMUR | Z2: Dadi Makmur | AA2: Edi Peni | AB2: Jati Diri | AC2: Budi Lestari | AD2: Dadi Mulyo | AE2: KWT. KELAPA SARI | AF2: Loh Jinawi | AG2: Bakti Tani | AH2: KWT Sekar Arum Sejahtera | AI2: Gebang Wonokarto | AJ2: Assalam | AK2: Lestari | AL2: Sumber Makmur 1 | AM2: Setyo Maju 1 | AN2: Tri Karsa 1 | AO2: Tani Maju 1 | AP2: Gotong Royong 1 | AQ2: Sedyo Makmur 1 | AR2: Pratolo Mulyo 1 | AS2: Mentes 1 | AT2: Sido Mekar 1 | AU2: Sido Maju 1 | AV2: Sari Tani 1 | AW2: Margo Subur 1 | AX2: Lestari I | AY2: Ngudi Makmur 1 | AZ2: Sumber Asri 1 | BA2: Setya Usaha I | BB2: Bumi Harum 1 | BC2: Sido Rejo 1 | BD2: Sido Makmur 1 | BE2: Dewi Sinto | BF2: Dewi Sri | BG2: Karya Makmur I | BH2: Ledok Sari | BI2: Arum Tani | BJ2: BARU WUNGU | BK2: Karya Makmur | BL2: Berkah Tani | BM2: Gemah Ripah | BN2: NGUDI LUHUR I | BO2: KWT MARDI RAHAYU | BP2: SUKODONO I | BQ2: RUKUN MAKMUR I | BR2: Melati | BS2: Matahari | BT2: MEKARSARI I | BU2: KARYA MULYA I | BV2: BANGUNREJO I | BW2: KWT. LESTARI MULYO | BX2: MARGO RUKUN I | BY2: MAKMUR I | BZ2: MARDI REJO I | CA2: ERAS ASRI I | CB2: DHARMA BAKTI | CC2: SIDO MAKMUR I | CD2: ERAS I | CE2: ERAS SOBO 5 | CF2: Sido Asih I | CG2: Eko Proyo I | CH2: Gemah Ripah I | CI2: KWT Melati | CJ2: Utama Karya I | CK2: KWT Karya Makmur | CL2: Sido Mekar 1 | CM2: KWT SRIKANDI | CN2: Sedyo Tani I | CO2: KWT PADEMANGAN PUTRI | CP2: MANUNGGAL I | CQ2: KWT Margo Makmur VI A | CR2: SIDO MAKMUR I | CS2: KARYO TOMO I | CT2: KWT Sido Dadi | CU2: ARGO MULYO I | CV2: Mekar Sari I | CW2: Mugi Rahayu I | CX2: KWT Bina Makmur | CY2: KWT Mekar Sari | CZ2: KWT Sido Rukun | DA2: KWT Rejo Mulyo | DB2: Karya Tani I | DC2: Karya Tunggal I | DD2: KWT SIDO MAPAN | DE2: Nuju Makmur 01 | DF2: Suka Maju 01 | DG2: Sakti I | DH2: Margo Mulyo 01 | DI2: Selo Rejeki I | DJ2: Blimbing Sari | DK2: Sri Rejeki I | DL2: Lestari I | DM2: JANTI MAKMUR | DN2: Sido Mulyo I | DO2: Gemah Ripah I | DP2: SIDO MULYO SEPULUH | DQ2: KWT Sido Mukti 4 | DR2: KWT Manunggal Mukti | DS2: Maju Lancar | DT2: Harapan | DU2: Tani Harapan | DV2: Fajar Rahayu | DW2: Karya Luhur I | DX2: Basuki Makmur | DY2: Budi Luhur | DZ2: Amanah | EA2: Karya Tani | EB2: Mardi Utomo | EC2: Ayem Tentrem | ED2: Eko Budoyo | EE2: MEKAR SARI 1 | EF2: KWT. SRI TANJUNG | EG2: Sedya Mulya 1 | EH2: BATU GUNA | EI2: Kutilang 1 | EJ2: KARYA TANI | EK2: Margo Mulyo 1 | EL2: KWT. SRIKANDI | EM2: KWT Kali Rejo | EN2: SIDO LANCAR | EO2: RUKUN TANI I | EP2: GEMAH RIPAH 1 | EQ2: AMONG TANI I | ER2: SEDYO MAJU I | ES2: PUNCAK SEWU | ET2: KWT LUMBU INDAH | EU2: KARYA MAKMUR I | EV2: MANDIRI MAPAN | EW2: AL-FATTAH | EX2: GONDO ARUM | EY2: HANDAYANI I | EZ2: NGUDI BOGO I | FA2: KARYA TANI I | FB2: MARGO MAKMUR I | FC2: JATI MULYO 1 | FD2: DARMA TANI I | FE2: KWT Sido Lancar | FF2: SUBUR MAKMUR 1 | FG2: HARJO MAKMUR 1 | FH2: SETYA KARYA DUA | FI2: MEKAR SARI 1 | FJ2: EDI PENI I | FK2: KWT. JAMU SEGER MANIS | FL2: WALUYO ASIH I | FM2: PADI WARAS 2 | FN2: NGUPADI HASIL 1 | FO2: GEMAH RIPAH 1 | FP2: BUDI KARYA 1
A3: Adil Makmur I | B3: Sido Rukun I | C3: KWT Gayuh Sehat II | D3: Sido Dadi | E3: KWT Sumber Urip II | F3: KWT Melati Putih | G3: Lestari I | H3: Sido Subur II | I3: Tani Maju I | J3: Sumber Urip II | K3: Rukun III | L3: Sido Mulyo I | M3: SIDO MAKMUR I | N3: Rukun Santosa 01 | O3: MAKMUR RUKUN II | P3: AKUR II | Q3: Guyup Rukun 01 | R3: EDI PENI | S3: CIPTO TANI | T3: BUDI UTOMO | U3: ENGGAL LESTARI | V3: LESTARI | W3: KENANGA II | X3: KENANGA | Y3: GUNUNG SARI DUA | Z3: Hasil Tani | AA3: Eko Makaryo | AB3: Karya Bakti | AC3: Mardi Makmur I | AD3: KWT Karya Maju | AE3: Barokah | AF3: Makmur | AG3: Budi Luhur | AH3: Ngudi Rahayu | AI3: Makmur | AJ3: Budi Mulyo | AK3: Ngudi Makmur | AL3: Sumber Makmur 2 | AM3: Setyo Maju 3 | AN3: Tri Karsa 10 | AO3: Tani Maju 2 | AP3: Gotong Royong 2 | AQ3: Sedyo Makmur 2 | AR3: Pratolo Mulyo 2 | AS3: Mentes 2 | AT3: Sido Mekar 2 | AU3: Sido Maju 2 | AV3: Sari Tani 2 | AW3: Margo Subur 2 | AX3: Lestari II | AY3: Ngudi Makmur 2 | AZ3: Sumber Asri 2 | BA3: Setya Usaha II | BB3: Bumi Harum 10 | BC3: Sido Rejo 2 | BD3: Sido Makmur 2 | BE3: Dewi Sri | BF3: Dono Asih | BG3: Karya Makmur II | BH3: Manunggal Karya | BI3: Bina Tani I | BJ3: HARGO MULYO | BK3: Lestari | BL3: Karya Muda | BM3: Hidayah | BN3: NGUDI LUHUR II | BO3: MARDI RAHAYU I | BP3: SUKODONO II | BQ3: RUKUN MAKMUR II | BR3: PENI | BS3: TUNAS HARAPAN I | BT3: MEKARSARI II | BU3: KARYA MULYA II | BV3: BANGUNREJO II | BW3: WIDYASANA I | BX3: MARGO RUKUN II | BY3: MAKMUR II | BZ3: MARDI REJO II | CA3: ERAS ASRI II | CB3: NGUDI MAKMUR I | CC3: SIDO MAKMUR II | CD3: ERAS II | CE3: ERAS SOBO I | CF3: Sido Asih II | CG3: Eko Proyo II | CH3: Gemah Ripah II | CI3: Sido Dadi I | CJ3: Utama Karya II | CK3: KWT Sumber Rejeki | CL3: Sido Mekar 2 | CM3: Gemah Ripah I | CN3: Sedyo Tani II | CO3: Sedyo Rukun I | CP3: Manunggal II | CQ3: Margo Makmur I | CR3: SIDO MAKMUR II | CS3: KARYO TOMO II | CT3: Margo Mulyo I | CU3: ARGO MULYO II | CV3: Mekar Sari II | CW3: Mugi Rahayu II | CX3: KWT Mekar Makmur | CY3: Sido Maju I | CZ3: Sido Rukun I | DA3: KWT Tani Maju | DB3: Karya Tani II | DC3: Karya Tunggal II | DD3: Sidodadi I | DE3: Nuju Makmur II | DF3: Suka Maju 05 | DG3: Sakti II | DH3: Margo Mulyo 05 | DI3: Selo Rejeki II | DJ3: KWT. Rindang | DK3: Sri Rejeki II | DL3: Lestari II | DM3: Gondang Rejo I | DN3: Sido Mulyo II | DO3: Gemah Ripah II | DP3: KWT. Budi Lestari | DQ3: KWT Sido Mukti I | DR3: Manunggal Mukti | DS3: Margo Dadi | DT3: Lestari | DU3: Tani Makmur | DV3: Handayani | DW3: Karya Luhur II | DX3: Eko Karyo | DY3: Karya Tani | DZ3: Hidayah | EA3: Maju Lancar I | EB3: Mardi Waluyo I | EC3: Bakti Utomo | ED3: Ngudi Makmur | EE3: MEKAR SARI 2 | EF3: Margo Mulyo | EG3: Sedya Mulya 2 | EH3: LAJUR SEMPU 1 | EI3: Kutilang 2 | EJ3: NGUDI MULYO 1 | EK3: Margo Mulyo 2 | EL3: Mijil Pangan | EM3: KWT Marsudi Tani | EN3: Duren Manis 1 | EO3: RUKUN TANI II | EP3: GEMAH RIPAH 2 | EQ3: AMONG TANI II | ER3: SEDYO MAJU II | ES3: SIDO MAKMUR I | ET3: SUMBER TANI I | EU3: KARYA MAKMUR II | EV3: MEKAR DADI | EW3: BUMI RAHAYU | EX3: KWT LESTARI | EY3: HANDAYANI II | EZ3: NGUDI BOGO II | FA3: KARYA TANI II | FB3: MARGO MAKMUR II | FC3: JATI MULYO 2 | FD3: DARMA TANI II | FE3: MARGO MULYO 1 | FF3: SUBUR MAKMUR 2 | FG3: HARJO MAKMUR 2 | FH3: SETYA KARYA EMPAT | FI3: MEKAR SARI 2 | FJ3: EDI PENI II | FK3: TANI MAKMUR 1 | FL3: WALUYO ASIH II | FM3: PADI WARAS 3 | FN3: NGUPADI HASIL 2 | FO3: GEMAH RIPAH 2 | FP3: BUDI KARYA 2
A4: Adil Makmur II | B4: Sido Rukun II | C4: Rukun Makmur I | D4: Sido Makmur | E4: Sumber Urip I | F4: Margo Makmur I | G4: Lestari II | H4: Sido Subur III | I4: Tani Maju II | J4: Sumber Urip III | K4: Rukun Tani I | L4: Sido Mulyo IB | M4: SIDO MAKMUR II | N4: Rukun Santosa III | O4: MAKMUR RUKUN III | P4: AKUR III | Q4: Guyup Rukun 02 | R4: EKO SAYEKTI | S4: DADI MAKMUR | T4: GUNUNG SUBUR | U4: JATI SARI | V4: MAKMUR DUA | W4: SIDO DADI | X4: MARGO MAKMUR DUA | Y4: GUNUNG SARI SATU | Z4: Karya Bima | AA4: Gawe Santoso | AB4: Karya Tani | AC4: Mardi Makmur II | AD4: Margi Laras | AE4: Dadi Makmur | AF4: Margo Mulyo | AG4: Margo Mulyo | AH4: Sido Dadi I | AI4: Manunggal Bakti | AJ4: Dadi Subur | AK4: Sido Makmur | AL4: Sumber Makmur 3 | AM4: Setyo Maju 4 | AN4: Tri Karsa 11 | AO4: Tani Maju 3 | AP4: Gotong Royong 3 | AQ4: Sedyo Makmur 3 | AR4: Pratolo Mulyo 3 | AS4: Mentes 3 | AT4: Sido Mekar 3 | AU4: Sido Maju 3 | AV4: Sari Tani 3 | AW4: Margo Subur 3 | AX4: Lestari III | AY4: Ngudi Makmur 3 | AZ4: Sumber Asri 3 | BA4: Setya Usaha III | BB4: Bumi Harum 11 | BC4: Sido Rejo 3 | BD4: Sido Makmur 3 | BE4: Hargo Sedah | BF4: Indah Karya I | BG4: Margo Rahayu | BH4: Mawar | BI4: Bina Tani II | BJ4: Lestari Mulyo | BK4: Ngudi Boga | BL4: Maju Tani | BM4: Karya Makmur | BN4: NGUDI LUHUR III | BO4: MARDI RAHAYU II | BP4: SUKODONO III | BQ4: RUKUN MAKMUR III | BR4: PENI I | BS4: TUNAS HARAPAN II | BT4: MEKARSARI III | BU4: KARYA MULYA III | BV4: BANGUNREJO III | BW4: WIDYASANA II | BX4: MARGO RUKUN III | BY4: MAKMUR III | BZ4: MARDI REJO III | CA4: ERAS ASRI III | CB4: NGUDI MAKMUR II | CC4: SIDO MAKMUR III | CD4: ERAS III | CE4: ERAS SOBO II | CF4: Sido Asih III | CG4: KWT Sakura III | CH4: Gemah Ripah III | CI4: Sido Dadi II | CJ4: Utama Karya III | CK4: Sumber Urip I | CL4: Sido Mekar 3 | CM4: Gemah Ripah II | CN4: Sedyo Tani III | CO4: Sedyo Rukun II | CQ4: Margo Makmur II | CR4: SIDO MAKMUR III | CT4: Margo Mulyo II | CU4: ARGO MULYO III | CV4: Mekar Sari III | CW4: Mugi Rahayu III | CX4: Sido Makmur I | CY4: Sido Maju II | CZ4: Sido Rukun II | DA4: Sumber Makmur I | DB4: Karya Tani III | DC4: Karya Tunggal III | DD4: Sidodadi II | DE4: Nuju Makmur III | DF4: Suka Maju II | DG4: Sakti III | DH4: Margo Mulyo II | DI4: Selo Rejeki III | DJ4: Sumber Rejeki Dua | DK4: Sri Rejeki III | DL4: Lestari III | DM4: Gondang Rejo II | DN4: Sido Mulyo III | DO4: Gemah Ripah III | DP4: Sido Mulyo II | DQ4: Margo Mukti | DR4: Marsudi Tani | DS4: Margo Tani | DT4: Ngudi Makmur | DU4: Tani Mulyo | DV4: Ngudi Rukun | DW4: Karya Tani | DX4: Handayani | DY4: Rukun Tani | DZ4: Kurnia | EA4: Maju Lancar II | EB4: Mardi Waluyo II | EC4: Budi Lestari | ED4: Sido Dadi | EE4: MEKAR SARI 3 | EF4: Margo Rukun | EG4: Sedya Mulya 3 | EH4: LAJUR SEMPU 2 | EI4: Lumpang Bogo 1 | EJ4: NGUDI MULYO 2 | EK4: Margo Mulyo 3 | EL4: Ngudi Makmur | EM4: MARSUDI TANI 1 | EN4: Duren Manis 2 | EO4: RUKUN TANI III | EP4: GEMAH RIPAH 3 | EQ4: AMONG TANI III | ER4: SEDYO MAJU III | ES4: SIDO MAKMUR II | ET4: SUMBER TANI II | EU4: KARYA MAKMUR III | EV4: RUKUN TANI 2 | EW4: KARYA MAKMUR I | EX4: SIDO RUKUN I | EY4: HANDAYANI IV | EZ4: NGUDI BOGO III | FA4: KARYA TANI III | FB4: MARGO MAKMUR III | FC4: JATI MULYO 3 | FD4: DARMA TANI III | FE4: Margo Mulyo 10 | FF4: SUBUR MAKMUR IV | FG4: HARJO MAKMUR 3 | FH4: SETYA KARYA SATU | FI4: MEKAR SARI 3 | FJ4: EDI PENI III | FK4: TANI MAKMUR II | FL4: WALUYO ASIH III | FM4: PADI WARAS 4 | FN4: NGUPADI HASIL 3 | FO4: GEMAH RIPAH 3 | FP4: BUDI KARYA 3
A5: Adil Makmur III | B5: Sido Rukun III | C5: Rukun Makmur II | D5: Sido Mulyo | E5: Sumber Urip II | F5: Margo Makmur II | G5: Lestari III | H5: Sido Subur IV | I5: Tani Maju III | J5: Sumber Urip IV | K5: Rukun Tani II | L5: Sido Mulyo II | M5: SIDO MAKMUR III | N5: Rukun Santosa IV | O5: MAKMUR RUKUN IV | P5: AKUR IV | Q5: Guyup Rukun 03 | R5: GUNUNG SUBUR | S5: ENDAH PENI | T5: HARGO MAKMUR | U5: KARYA TUNGGAL | V5: MAKMUR SATU | W5: SIDO DADI 1 | X5: MARGO MAKMUR SATU | Y5: MEKAR DADI | Z5: Karya Makmur | AA5: Gotong Royong | AB5: KWT Mekar Sari | AC5: Mardi Makmur III | AD5: Margo Mulyo | AE5: Dadi Mulyo | AF5: Mekar Sari | AG5: Rukun Makmur | AH5: Sido Dadi II | AI5: Rukun Tani | AJ5: Giri Mulyo | AK5: Sido Tani | AL5: Sumber Makmur 4 | AM5: Setyo Maju 5 | AN5: Tri Karsa 2 | AO5: Tani Maju 4 | AP5: Gotong Royong 4 | AQ5: Sedyo Makmur 4 | AR5: Pratolo Mulyo 4 | AT5: Sido Mekar 4 | AU5: Sido Maju 4 | AV5: Sari Tani 4 | AW5: Margo Subur 4 | AX5: Lestari IV | AY5: Ngudi Makmur 4 | AZ5: Sumber Asri 4 | BA5: Setya Usaha IV | BB5: Bumi Harum 12 | BC5: Sido Rejo 4 | BD5: Sido Makmur 4 | BE5: Karya Mandiri | BF5: Karya Bakti | BG5: Margo Rahayu 2 | BH5: Nawanggono | BI5: Bina Tani III | BJ5: MARGO MULYO | BK5: Ngudi Luhur | BL5: MARSUDI SUBUR | BM5: Karya Tani | BN5: NGUDI LUHUR IV | BO5: MARDI RAHAYU III | BP5: SUKODONO IV | BQ5: RUKUN MAKMUR IV | BR5: PENI II | BS5: TUNAS HARAPAN III | BT5: MEKARSARI IV | BU5: KARYA MULYA IV | BV5: BANGUNREJO IV | BW5: WIDYASANA III | BX5: MARGO RUKUN IV | BY5: MAKMUR IV | BZ5: MARDI REJO IV | CA5: ERAS ASRI IV | CB5: NGUDI MAKMUR III | CC5: SIDO MAKMUR IV | CD5: ERAS IV | CE5: ERAS SOBO III | CF5: Sido Asih IV | CH5: Gemah Ripah IV | CI5: Sido Dadi III | CJ5: Utama Karya IV | CK5: Sumber Urip II | CL5: Sido Mekar 4 | CM5: Gemah Ripah III | CO5: Sedyo Rukun III | CQ5: Margo Makmur III | CR5: SIDO MAKMUR IV | CT5: Margo Mulyo III | CU5: ARGO MULYO IV | CV5: Mekar Sari IV | CW5: Mugi Rahayu IV | CX5: Sido Makmur II | CY5: Sido Maju III | CZ5: Sido Rukun III | DA5: Sumber Makmur II | DB5: KWT Dewi Sri | DC5: KWT Sri Tanjung | DD5: Sidodadi III | DE5: Nuju Makmur IV | DF5: Suka Maju III | DG5: Sakti IV | DH5: Margo Mulyo III | DI5: Selo Rejeki IV | DJ5: Sumber Rejeki III | DK5: Sri Rejeki IV | DL5: Lestari IV | DM5: Gondang Rejo V | DN5: Sido Mulyo IV | DO5: Gemah Ripah IX | DP5: Sido Mulyo III | DQ5: Sido Mukti I | DR5: Mekar Sari | DS5: Rahayu | DT5: Sido Dadi | DU5: Tani Murni | DV5: Rukun Mulyo | DW5: Margo Tresno | DX5: Karya Bakti | DY5: Sido Luhur | DZ5: Margo Asih | EA5: Margo Mulyo | EB5: Margo Gesang | EC5: Karya Makmur | ED5: Sido Makmur | EE5: SUMBER REJEKI 1 | EF5: Sido Dadi 1 | EG5: Sedya Mulya 4 | EH5: LAJUR SEMPU 3 | EI5: Lumpang Bogo 2 | EJ5: NGUDI TANI | EK5: Margo Mulyo 4 | EL5: Ngudi Mulyo 1 | EM5: MARSUDI TANI 2 | EN5: KWT Ngudi Rahayu | EP5: GEMAH RIPAH 4 | EQ5: AMONG TANI IV | ER5: SEDYO MAJU IV | ES5: SIDO MAKMUR IV | ET5: SUMBER TANI III | EU5: KARYA MAKMUR IV | EV5: RUKUN TANI 3 | EW5: KARYA MAKMUR II | EX5: SIDO RUKUN II | EY5: HANDAYANI V | EZ5: NGUDI BOGO IV | FA5: KARYA TANI IV | FC5: JATI MULYO 4 | FD5: DARMA TANI IV | FE5: MARGO MULYO 2 | FF5: SUBUR MAKMUR IX | FG5: HARJO MAKMUR 4 | FH5: SETYA KARYA TIGA | FI5: MEKAR SARI 4 | FJ5: EDI PENI IV | FK5: TANI MAKMUR III | FL5: WALUYO ASIH IV | FM5: PADI WARAS 5 | FN5: NGUPADI HASIL 4 | FO5: GEMAH RIPAH 4 | FP5: BUDI KARYA 4
A6: Adil Makmur IV | B6: Sri Mulyo | C6: Rukun Makmur III | E6: Sumber Urip III | F6: Margo Makmur III | G6: Lestari IV | I6: Tani Maju IV | J6: Sumber Urip V | K6: Rukun Tani IV | L6: Sido Mulyo III | M6: SIDO MAKMUR IV | N6: Rukun Santosa V | O6: MAKMUR RUKUN IX | P6: AKUR IX | Q6: Guyup Rukun 04 | R6: GUNUNG SUBUR I | S6: HAYATI | T6: KAMBOJA | U6: MAJU MAKMUR | V6: MAKMUR TIGA | W6: SIDO MAJU | X6: MARGO MAKMUR TIGA | Y6: MEKAR SARI | Z6: Karya Makmur I | AA6: Maju Lancar | AB6: Maju Lancar | AC6: Murih Widodo | AD6: Ngudi Mulyo | AE6: Kelapa Sari | AF6: Ngudi Bogo | AG6: Sido Mukti | AH6: Sri Rejeki I | AI6: Sedya Maju | AJ6: Karya Tani | AK6: Subur | AL6: Sumber Makmur 5 | AM6: Setyo Maju 6 | AN6: Tri Karsa 3 | AO6: Tani Maju 5 | AP6: Gotong Royong 5 | AQ6: Sedyo Makmur 5 | AR6: Pratolo Mulyo 5 | AT6: Sido Mekar 5 | AU6: Sido Maju 5 | AV6: Sari Tani 5 | AW6: Margo Subur 5 | AY6: Ngudi Makmur 5 | AZ6: Sumber Asri 5 | BA6: Setya Usaha V | BB6: Bumi Harum 13 | BC6: Sido Rejo 5 | BD6: Sido Makmur 5 | BE6: Mawar Putih | BF6: Kundang Makmur | BG6: Margo Utomo | BH6: Nawanggono II | BI6: Karya Tani | BJ6: MITRA TANI | BK6: Rukun Tani I | BL6: Marsudi Tani | BM6: Maju Lancar | BN6: NGUDI LUHUR V | BO6: MARDI RAHAYU IV | BQ6: RUKUN MAKMUR V | BR6: PENI III | BS6: TUNAS HARAPAN IV | BT6: MEKARSARI V | BU6: KARYA MULYA V | BV6: BANGUNREJO IX | BW6: WIDYASANA IV | BX6: MARGO RUKUN V | BY6: Seruni | BZ6: MARDI REJO V | CA6: ERAS ASRI V | CB6: NGUDI MAKMUR IV | CC6: SIDO MAKMUR V | CD6: ERAS V | CE6: ERAS SOBO IV | CH6: Gemah Ripah V | CK6: Sumber Urip III | CL6: Sido Mekar 5 | CM6: Gemah Ripah IV | CO6: Sedyo Rukun IV | CQ6: Margo Makmur IV | CR6: SIDO MAKMUR V | CU6: ARGO MULYO IX | CV6: Mekar Sari V | CW6: Mugi Rahayu V | CX6: Sido Makmur III | CY6: Sido Maju IV | DA6: Sumber Makmur III | DB6: KWT Srikandi | DE6: Nuju Makmur IX | DF6: Suka Maju IV | DG6: Sakti IX | DH6: Margo Mulyo IV | DI6: Selo Rejeki IX | DJ6: Sumber Rejeki IV | DK6: Sri Rejeki IX | DL6: Lestari V | DM6: Gondang Rejo VIII | DN6: Sido Mulyo V | DO6: Gemah Ripah VI | DP6: Sido Mulyo IV | DQ6: Sido Mukti II | DR6: Ratih Tani | DS6: Sedyo Mulyo | DT6: Sumber Rejeki | DV6: Rukun Mulyo 2 | DW6: Rebo Kliwon I | DX6: Karya Makmur | DY6: Sido Makmur | DZ6: Margo Mulyo | EA6: Mekar Sari | EB6: Ngudi Lestari | EC6: Rejo Mulyo | ED6: Sido Mulyo | EE6: SUMBER REJEKI 2 | EF6: Sido Dadi 2 | EG6: Sedya Mulya 5 | EH6: LAJUR SEMPU 4 | EI6: Pagergunung 1 | EJ6: SEDYO MAKMUR | EK6: Margo Mulyo 5 | EL6: Ngudi Mulyo 2 | EM6: NGUDI RAHAYU 1 | EN6: Makmur Lestari | EP6: GEMAH RIPAH 5 | EQ6: AMONG TANI IX | ER6: SEDYO MAJU V | ES6: SIDO RUKUN II | ET6: SUMBER TANI IV | EU6: KARYA MAKMUR V | EV6: RUKUN TANI 4 | EW6: KARYA MAKMUR III | EX6: SIDO RUKUN III | EY6: HANDAYANI VI | EZ6: NGUDI BOGO V | FA6: KARYA TANI V | FC6: JATI MULYO 5 | FD6: DARMA TANI V | FE6: MARGO MULYO 3 | FF6: SUBUR MAKMUR VII | FG6: HARJO MAKMUR 5 | FI6: MEKAR SARI 5 | FJ6: EDI PENI V | FK6: TANI MAKMUR IV | FM6: PADI WARAS 6 | FN6: NGUPADI HASIL 5 | FO6: GEMAH RIPAH 5 | FP6: BUDI KARYA 5
B7: Subur | C7: Rukun Makmur IV | E7: Sumber Urip IV | F7: Margo Makmur IV | I7: Tani Maju IX | J7: Sumber Urip VI | K7: Rukun Tani V | L7: Sido Mulyo IV | M7: SIDO MAKMUR IX | N7: Rukun Santoso II | O7: MAKMUR RUKUN V | P7: AKUR V | Q7: Guyup Rukun 05 | R7: Kartini | S7: MARGO MAKMUR | T7: KARYA BAKTI | U7: Margo Makmur | V7: PERINTIS | W7: SIDO MAJU 1 | X7: MARGO MULYO DUA | Y7: MUGI LESTARI | Z7: Karya Makmur II | AA7: Mardi Laras | AB7: Margo Makmur | AC7: Ngunduh Pakarti | AD7: Sido Maju | AE7: Margo Rukun | AF7: Ngudi Karyo | AG7: Sri Rejeki | AH7: Sri Rejeki II | AI7: Sido Dadi | AJ7: Langen Karyo | AK7: Sumber Agung | AM7: Setyo Maju 7 | AN7: Tri Karsa 4 | AO7: Tani Maju 6 | AP7: Gotong Royong 6 | AQ7: Sedyo Makmur 6 | AR7: Pratolo Mulyo 6 | AT7: Sido Mekar 6 | AU7: Sido Maju 6 | AV7: Sari Tani 6 | AY7: Ngudi Makmur 6 | AZ7: Sumber Asri 6 | BA7: Setya Usaha VI | BB7: Bumi Harum 2 | BD7: Sido Makmur 6 | BE7: Mugi Lancar | BF7: Lestari | BG7: Melati | BH7: Nawanggono III | BI7: Mawar | BJ7: Muda Taruna Mandiri | BK7: Rukun Tani II | BL7: Marsudi Tani I | BM7: Melati | BN7: Sumber Rejeki | BO7: MARDI RAHAYU V | BQ7: RUKUN MAKMUR VI | BR7: PENI IV | BS7: TUNAS HARAPAN IX | BV7: BANGUNREJO V | BW7: WIDYASANA IX | BX7: MARGO RUKUN VI | CB7: NGUDI MAKMUR V | CC7: SIDO MAKMUR VI | CH7: Gemah Ripah VI | CK7: Sumber Urip IV | CO7: Sedyo Rukun V | CQ7: Margo Makmur IX | CR7: SIDO MAKMUR VI | CU7: ARGO MULYO V | CV7: Mekar Sari VI | CW7: Mugi Rahayu VI | CX7: Sido Makmur IV | CY7: Sido Maju V | DE7: Nuju Makmur V | DF7: Suka Maju VI | DG7: Sakti V | DH7: Margo Mulyo VI | DI7: Selo Rejeki V | DJ7: Sumber Rejeki IX | DK7: Sri Rejeki Lima | DL7: Lestari VI | DM7: Karya Makmur | DN7: Sido Mulyo VI | DO7: Gemah Ripah VII | DP7: Sido Mulyo IX | DQ7: Sido Mukti III | DR7: Ratih Tani III | DS7: Sendang Sari | DV7: Suko Makmur | DW7: Rebo Kliwon II | DX7: Makaryo | DY7: Sri Rejeki | DZ7: Margo Tresno | EA7: Pangupo Jiwo | EB7: Sido Dadi | EC7: Ringin Bakti | ED7: Sido Tentrem | EE7: SUMBER REJEKI 3 | EF7: Subur Abadi | EG7: Sedya Mulya 6 | EH7: LAJUR SEMPU 5 | EI7: Pagergunung 2 | EJ7: SUMBER REJEKI | EK7: Margo Mulyo 6 | EL7: Sido Maju | EM7: NGUDI RAHAYU 2 | EN7: Ngudi Lestari 1 | EP7: GEMAH RIPAH 6 | EQ7: AMONG TANI V | ES7: SIDO RUKUN IV | ET7: SUMBER TANI V | EU7: KARYA MAKMUR VI | EV7: RUKUN TANI I | EW7: KARYA MAKMUR IV | EX7: SIDO RUKUN IV | EY7: HANDAYANI VII | EZ7: NGUDI BOGO VI | FA7: KWT. BUNGUR ASRI | FC7: JATI MULYO 6 | FD7: DARMA TANI VI | FE7: MARGO MULYO 4 | FF7: SUBUR MAKMUR VIII | FG7: HARJO MAKMUR 6 | FI7: MEKAR SARI 6 | FJ7: Wanodyo Joyo | FK7: TANI MAKMUR V | FM7: PADI WARAS I | FO7: GEMAH RIPAH 6 | FP7: BUDI KARYA 6
C8: Rukun Makmur V | E8: Sumber Urip V | I8: Tani Maju V | K8: Rukun Tani VI | M8: SIDO MAKMUR V | O8: MAKMUR RUKUN VI | P8: AKUR VI | Q8: Guyup Rukun 06 | R8: MAJU MAPAN | S8: NGUDI MAKMUR | T8: KARYA TANI | U8: MARGO MULYO BARU | V8: SEJAHTERA DUA | W8: SIDO MAKMUR | X8: MARGO MULYO SATU | Y8: MULYA TANI | Z8: Karya Manunggal I | AA8: Margo Laras | AB8: Margo Mulyo | AC8: Padi Murni | AD8: Tani Lestari | AE8: Margo Tentrem | AF8: Ngudi Makmur | AG8: Sumber Makmur | AH8: Sri Rejeki III | AI8: Sido Maju | AJ8: Sido Muncul | AK8: Sumber Makmur | AM8: Setyo Maju Dua | AN8: Tri Karsa 5 | AP8: Gotong Royong 7 | AQ8: Sedyo Makmur 7 | AT8: Sido Mekar 7 | AU8: Sido Maju 7 | AV8: Sari Tani 7 | AY8: Ngudi Makmur 7 | AZ8: Sumber Asri 7 | BA8: Setya Usaha VII | BB8: Bumi Harum 3 | BE8: Pelita Jaya | BF8: Nusa Indah | BG8: Sri Mulya | BH8: Sendang Mulyo | BI8: Ngudi Rahayu I | BJ8: Ngudi Mulyo | BK8: Sari Mulyo I | BL8: Ngestu Tani | BM8: Ngudi Makmur | BO8: MARDI RAHAYU VI | BQ8: RUKUN MAKMUR VII | BR8: PENI V | BS8: TUNAS HARAPAN V | BV8: BANGUNREJO VI | BW8: WIDYASANA V | BX8: MARGO RUKUN VII | CB8: NGUDI MAKMUR VI | CH8: KWT Mekar Sari | CK8: Sumber Urip V | CO8: Sedyo Rukun VI | CQ8: Margo Makmur V | CR8: SIDO MAKMUR VII | CU8: ARGO MULYO VI | CV8: Mekar Sari VII | CW8: Mugi Rahayu VII | CX8: Sido Makmur IX | DE8: Nuju Makmur VI | DG8: Sakti VI | DH8: Margo Mulyo VII | DI8: Selo Rejeki VI | DJ8: Sumber Rejeki V | DK8: Sri Rejeki Sepuluh | DL8: Lestari VII | DM8: Kembang Rejo | DO8: Gemah Ripah VIII | DP8: Sido Mulyo Nol Satu | DQ8: Sido Mukti IV | DR8: Ratih Tani IV | DS8: Sri Rejeki | DV8: Tani Makmur | DW8: Rebo Legi | DX8: Ngudi Makmur | DY8: Sumberejo | DZ8: Margo Utomo | EA8: Punadirpa | EB8: Sido Mulyo I | EC8: Sido Mukti | ED8: Sumber Makmur | EE8: TANI MAJU 1 | EF8: Suko Makmur | EG8: Sedya Mulya 7 | EH8: LAJUR SEMPU 6 | EI8: Tumpang Lestari | EJ8: SUMBER URIP MULYO | EK8: Margo Rukun 1 | EL8: SIDO MAKMUR | EM8: SALAM REJO | EN8: Ngudi Lestari 2 | EP8: GEMAH RIPAH 7 | EQ8: AMONG TANI VI | ES8: SIDO RUKUN VI | ET8: SUMBER TANI VI | EU8: KARYA MAKMUR VII | EV8: RUKUN TANI MAJU | EW8: KWT SUMBER WARAS | EY8: HANDAYANI VIII | EZ8: NGUDI BOGO VII | FC8: JATI MULYO 7 | FE8: MARGO MULYO 5 | FI8: MEKAR SARI 7 | FK8: TANI MAKMUR VI | FO8: KWT ALAS SUBUR
C9: Rukun Makmur VI | E9: Sumber Urip VI | I9: Tani Maju VI | K9: Rukun Tani VII | M9: SIDO MAKMUR VI | O9: MAKMUR RUKUN VII | P9: AKUR VII | R9: MARGO UTOMO | S9: NGUDI REJEKI | T9: NGUDI LUHUR | U9: Mawar Putih | V9: SEJAHTERA SATU | W9: SIDO MAKMUR 1 | X9: MARGO MULYO TIGA | Y9: RUKUN TANI | Z9: Karya Manunggal II | AA9: Mugi Rahayu | AB9: Ngudi Mulyo | AC9: Rahayu Widodo | AE9: Sido Maju I | AF9: Ngudi Mulyo | AG9: Tani Mulyo | AH9: Sri Rejeki IV | AI9: Sido Makmur | AJ9: Sidorejo | AK9: Sumber Rejeki | AM9: Sido Makmur | AN9: Tri Karsa 6 | AP9: Gotong Royong 8 | AQ9: Sedyo Makmur 8 | AU9: Winasri | AV9: Sari Tani 8 | AY9: Ngudi Makmur 8 | BB9: Bumi Harum 4 | BE9: Sumber Rejeki | BF9: Setya Karya | BG9: Sumber Dadi | BH9: Setya Karya | BI9: Ngudi Rahayu II | BJ9: Rukun Santosa | BK9: Sari Mulyo II | BL9: Rahayu | BM9: Ngudi Makmur II | BO9: MARDI RAHAYU VII | BR9: PENI VI | BS9: TUNAS HARAPAN VI | BV9: BANGUNREJO VII | BW9: WIDYASANA VI | CB9: SIDO MAKMUR I | CQ9: Margo Makmur VI | CR9: SIDO MAKMUR VIII | CU9: ARGO MULYO VII | CV9: Mekar Sari VIII | CX9: Sido Makmur V | DE9: Nuju Makmur VII | DG9: Sakti VII | DH9: Margo Mulyo VIII | DI9: Selo Rejeki VII | DJ9: Sumber Rejeki VI | DK9: Sri Rejeki VI | DL9: Lestari VIII | DM9: Maju Makmur | DO9: Gemah Ripah X | DP9: Sido Mulyo V | DQ9: Sido Mukti V | DR9: Sedyo Rukun | DS9: Tambah Rejo | DV9: Tani Mulyo | DW9: Tani Makmur | DX9: Sumber Makmur | DY9: Tani Mulyo I | DZ9: Ngudi Mulyo | EA9: Purwodadi | EB9: Sido Mulyo II | EE9: TANI MAJU 2 | EG9: Sido Makmur 1 | EH9: MANDIRI | EI9: Wana Asri | EJ9: TANI ASLI 1 | EK9: Margo Rukun 2 | EL9: Suko Makmur | EM9: SEDYO MAJU | EN9: Ngudi Lestari 3 | EP9: KWT GEMAH LESTARI | EQ9: AMONG TANI VII | ES9: TOMPAK MIJIL | EU9: KARYA MAKMUR VIII | EV9: SIDO MAKMUR | EW9: KWT WANDIRA | EY9: KWT.TENGGAR ASRI | EZ9: NGUDI BOGO VIII | FC9: JATI MULYO 8 | FE9: MARGO MULYO 6 | FO9: KWT ATSIRI JAYA
I10: Tani Maju VII | M10: SIDO MAKMUR VII | O10: MAKMUR RUKUN VIII | P10: AKUR VIII | R10: Mbudidoyo | S10: SARI BUMI | T10: NGUDI MAKMUR | U10: REJO MAKMUR | V10: SETYA KARYA DUA | W10: SIDO MUKTI | X10: MUDA TANI DUA | Y10: Sari Mulyo | Z10: Karya Tani | AA10: Ngudi Luhur | AB10: Ngudi Utomo | AC10: Sayuk Rukun | AE10: Sido Maju II | AF10: Ngudi Rahayu | AH10: Sumber Rejeki | AJ10: Sumber Mulyo | AN10: Tri Karsa 7 | AP10: Gotong Royong 9 | AQ10: Sedyo Makmur 9 | AV10: Sari Tani 9 | BB10: Bumi Harum 5 | BE10: Tani Maju | BF10: Sido Mulyo | BG10: Tani Mulya | BH10: Setya Tani | BI10: Sri Sedono | BJ10: Seroja | BK10: Setya Tani | BL10: Sari Bumi | BM10: Sari Bumi | BR10: PENI VII | BS10: TUNAS HARAPAN VII | BV10: BANGUNREJO VIII | BW10: Widyasana VII | CB10: SIDO MAKMUR II | CQ10: Margo Makmur VII | CU10: ARGO MULYO VIII | CX10: Sido Makmur VI | DE10: Nuju Makmur VIII | DG10: Sakti VIII | DI10: Selo Rejeki VIII | DJ10: Sumber Rejeki VII | DK10: Sri Rejeki VII | DM10: Pindul Makmur | DO10: Gemah Ripah XI | DP10: Sido Mulyo VI | DQ10: Sido Mukti VII | DR10: Sido Makmur | DS10: Tani Maju | DV10: Tani Rukun | DY10: Tani Mulyo II | DZ10: Rukun Tani | EA10: Subur Makmur | EB10: Sido Rukun I | EE10: TANI MAKMUR 1 | EG10: Sido Makmur 2 | EH10: MARGO MULYO 1 | EI10: Worawari 1 | EJ10: TANI ASLI 2 | EK10: Margo Rukun 3 | EL10: Sumber Pangan | EM10: SETYO TANI 1 | EN10: Selo Makmur 1 | EQ10: AMONG TANI VIII | EU10: KWT HAYATI | EV10: SIDO TANI MAJU | EW10: MARGO MAKMUR ABADI | EZ10: RUKUN | FC10: JATI MULYO 9 | FE10: MARGO MULYO 7
I11: Tani Maju VIII | M11: SIDO MAKMUR VIII | O11: MAKMUR RUKUN X | P11: AKUR X | R11: Nggrening | S11: SARI REJEKI | T11: NGUDI RUKUN | U11: REJO SARI | V11: SETYA KARYA SATU | W11: SIDO MULYO | X11: MUDA TANI SATU | Y11: SEDYO MULYO | Z11: Margo Makmur | AA11: Sedyo Mulyo | AB11: Padas Subur | AC11: Sri Rahayu | AE11: Sido Makmur | AF11: Ngudi Rejeki | AH11: Tani Rukun | AJ11: Sumber Rejeki | AN11: Tri Karsa 8 | AP11: Sumber Makmur | BB11: Bumi Harum 6 | BF11: Sri Mulyo | BH11: Sido Makmur | BI11: Sumber Rejeki | BJ11: SIDO MAKMUR | BK11: Sidorejo | BL11: Sido Makmur | BM11: Sari Tani | BR11: PENI VIII | BS11: TUNAS HARAPAN VIII | BW11: WIDYASANA VIII | CB11: SIDO MAKMUR III | CQ11: Margo Makmur VIII | CU11: ARGO MULYO X | CX11: Sido Makmur VII | DE11: Nuju Makmur X | DG11: Sakti X | DI11: Selo Rejeki X | DJ11: Sumber Rejeki VIII | DK11: Sri Rejeki VIII | DM11: Sambi Rejo | DO11: Gemah Ripah XII | DP11: Sido Mulyo VII | DR11: Sri Mulyo | DS11: Tani Widodo | DY11: Tuhu Bakti I | DZ11: Sedyo Rukun | EA11: Sumber Agung | EB11: Suka Maju | EE11: TANI MAKMUR 2 | EG11: Sumber Rejeki 1 | EH11: MARGO MULYO 2 | EI11: Worawari 2 | EJ11: TANI MAJU 1 | EK11: Margo Rukun 4 | EL11: Sumber Rejeki 1 | EM11: SETYO TANI 2 | EN11: Selo Makmur 2 | EQ11: SAMPURNA ABADI | EU11: RUMAH TANI MAKMUR | EW11: NGUDI REJEKI | FC11: KWT JATI ASRI | FE11: Suka Maju
M12: SIDO MAKMUR X | P12: AKUR XI | R12: NGGRENING DUA | S12: SARI TANI | T12: NGUDI SUBUR 01 | U12: SIDO URIP | V12: SETYA KARYA TIGA | W12: SIDO MULYO 1 | X12: NGUDI MULYO | Y12: SEDYO RUKUN | Z12: Marsudi Makmur I | AA12: Sido Maju | AB12: Setyo Tuhu | AC12: Sri Rejeki | AF12: Ngudi Santoso | AN12: Tri Karsa 9 | BB12: Bumi Harum 7 | BF12: Sri Rejeki | BH12: Sri Lestari | BI12: Tani Makmur | BJ12: SIDO RUKUN | BK12: Sinar pelita | BL12: Sri Tani | BM12: SIDO DADI | CB12: SIDO MAKMUR IV | CU12: ARGO MULYO XI | CX12: Sido Makmur VIII | DE12: Nuju Makmur XI | DG12: Sakti XI | DK12: Sri Rejeki XI | DM12: Sido Makmur I | DP12: Sido Mulyo VIII | DR12: Tani Mulyo | DY12: Tuhu Bakti II | DZ12: Tani Maju | EA12: Sumber Agung Muda | EG12: Sumber Rejeki 2 | EH12: MARGO RUKUN | EJ12: TANI MAJU 2 | EL12: Sumber Rejeki 2 | EN12: Swadaya Mandiri 1 | EU12: SIDO MAKMUR | EW12: SIDO DADI GROGOL | FE12: TRI MULYO
M13: SIDO MAKMUR XI | P13: Akur XII | R13: NGGRENING SATU | S13: SETYA KAWAN | T13: NGUDI SUBUR 02 | U13: SRI REJEKI | V13: SIDO DADI DUA | W13: SIDO MUNCUL | X13: NGUDI TANI | Y13: SETYA TANI | Z13: Marsudi Makmur II | AA13: Sri Mulyo | AB13: Sido Mulyo | AC13: Sumber Rejeki | AF13: Ngudi Tani | AN13: TUNAS BARU | BB13: Bumi Harum 8 | BF13: Sumber Karya | BH13: Sri Rejeki | BJ13: SINAR HARAPAN | BK13: Sinar Pelita I | BL13: Srikandi | BM13: Sido Makmur | CU13: ARGO MULYO XII | CX13: Sido Makmur X | DE13: Nuju Makmur XII | DG13: Sakti XII | DK13: Sri Rejeki XII | DM13: Sido Makmur II | DR13: Tani Rukun | DZ13: Tani Murni | EA13: Sumber Asih | EH13: SIDO DADI 1 | EJ13: TANI MAJU 3 | EL13: Sumber Tani | EN13: Swadaya Mandiri 2 | EU13: TANI BERKAH
P14: AKUR XIII | R14: NGUDI MULYO | S14: SETYA TANI | T14: NGUDI SUBUR III | U14: SUMBER MAKMUR | V14: SIDO DADI SATU | W14: SUKA MAJU | X14: RAHAYU | Y14: SIDO RUKUN | Z14: Marsudi Makmur III | AA14: Sri Rahayu | AB14: SUMBER AGUNG | AC14: Tani Makmur | AF14: Rahayu | BB14: Bumi Harum 9 | BF14: Sumber Rejeki | BH14: Sri Rejeki II | BK14: Sinar Pelita II | BL14: Suka Tani | BM14: Sido Makmur II | CX14: Sido Makmur XI | DE14: Nuju Makmur XIII | DG14: Sakti XIII | DK14: Sri Rejeki XIII | DM14: Sido Makmur III | EA14: Tani Rukun | EH14: SIDO DADI 2 | EJ14: USAHA TANI 1 | EL14: Tani Harapan | EN14: Wana Lestari 1 | EU14: TANI MAJU
R15: PETUNG | S15: SIDO RUKUN | T15: SARI REJEKI | U15: SUMBER REJEKI | V15: SIDO MAKMUR | X15: RUKUN TANI | Y15: TAMAN TANI | Z15: Ngudi Makmur I | AA15: Sri Rejeki | AB15: Sumber Rejeki | AF15: Sumber Rejeki | BF15: Sumber Sari | BH15: Sri Sadono | BK15: Tunas Subur | BL15: Tani Sido Makmur | BM15: Sido Rukun | DE15: Nuju Makmur XIV | DG15: Sakti XIV | DK15: Sri Rejeki XIV | DM15: Tani Mulya | EH15: SUMBER LANCAR | EJ15: USAHA TANI 2 | EL15: Tani Makmur | EN15: Wana Lestari 2 | EU15: TANI MAKMUR
R16: REJO MULYO | S16: SUMBER MULYO | T16: SIDO LUHUR | U16: TUNAS MANUNGGAL | V16: SIDO MULYO | X16: SERBA TANI | Y16: TANI RUKUN SATU | Z16: Ngudi Makmur II | AB16: Tani Rukun | AF16: Sumber Rejo | DE16: Nuju Makmur XV | DG16: Sakti XIX | DM16: Wayah Makmur | EH16: TANI SUBUR | EL16: Tani Mulyo | EU16: TANI MULYA
R17: SARI MULYO | S17: SUMBER REJEKI | T17: SIDO MAKMUR | V17: TERATAI | Y17: WARGO TANI II | Z17: Ngudi Rahayu | AB17: WANA BOGA | AF17: Tani Maju | DE17: Nuju Makmur XVI | DG17: Sakti XV | EL17: Tani Murni | EU17: TANI SEJAHTERA
R18: SARI MULYO I | S18: SUMBER URIP | T18: SIDO RUKUN | Y18: WARGO TANI SATU | Z18: Sido Maju I | AF18: Tani Mulyo | DE18: Nuju Makmur XVI A | DG18: Sakti XVI | EL18: Tunas Harapan
R19: SIDO MAJU | S19: TANI MAKMUR | T19: SUMBER REJEKI | Z19: Sido Maju II | DG19: Sakti XVII | EL19: Usaha Tani
R20: SIDO MAKMUR | S20: TANI MULYO | T20: TANI LESTARI | Z20: Sido Makmur | DG20: Sakti XVIII
R21: SIDO MAKMUR 4 | S21: UNGGUL | T21: TANI SUBUR 01 | Z21: Wana Lestari
R22: Suroloyo | S22: WIDODO MULYO | T22: TANI SUBUR 02
R23: Suroloyo I | T23: TANI UTOMO
T24: WARGO RUKUN

Sheet Data Poktan List (2)
A1: Desa Arjosari | B1: Desa Borang | C1: Desa Gayuhan | D1: Desa Gegeran | E1: Desa Gembong | F1: Desa Gunungsari | G1: Desa Jatimalang | H1: Desa Jetis Kidul | I1: Desa Karanggede | J1: Desa Karangrejo | K1: Desa Kedungbendo | L1: Desa Mangunharjo | M1: Desa Mlati | N1: Desa Pagutan | O1: Desa Sedayu | P1: Desa Temon | Q1: Desa Tremas | R1: Desa Bandar | S1: Desa Bangunsari Bandar | T1: Desa Jeruk | U1: Desa Kledung | V1: Desa Ngunut | W1: Desa Petungsinarang | X1: Desa Tumpuk | Y1: Desa Watupatok | Z1: Desa Belah | AA1: Desa Cemeng | AB1: Desa Donorojo | AC1: Desa Gedompol | AD1: Desa Gendaran | AE1: Desa Kalak | AF1: Desa Klepu Donorojo | AG1: Desa Sawahan | AH1: Desa Sekar | AI1: Desa Sendang | AJ1: Desa Sukodono | AK1: Desa Widoro (Donorojo) | AL1: Desa Banjarjo | AM1: Desa Gawang | AN1: Desa Gembuk | AO1: Desa Kalipelus | AP1: Desa Karanganyar | AQ1: Desa Karangnongko | AR1: Desa Katipugal | AS1: Desa Kebonagung | AT1: Desa Ketepung | AU1: Desa Ketro (Kebonagung) | AV1: Desa Klesem | AW1: Desa Mantren (Kebonagung) | AX1: Desa Plumbungan | AY1: Desa Punjung | AZ1: Desa Purwoasri | BA1: Desa Sanggrahan | BB1: Desa Sidomulyo (Kebonagung) | BC1: Desa Wonogondo | BD1: Desa Worawari | BE1: Desa Gondang | BF1: Desa Jetislor | BG1: Desa Mujing | BH1: Desa Nawangan | BI1: Desa Ngromo | BJ1: Desa Pakisbaru | BK1: Desa Penggung | BL1: Desa Sempu | BM1: Desa Tokawi | BN1: Desa Bodag | BO1: Desa Bogoharjo | BP1: Desa Cangkring | BQ1: Desa Cokrokembang | BR1: Desa Hadiluwih | BS1: Desa Hadiwarno | BT1: Desa Ngadirojo | BU1: Desa Nogosari | BV1: Desa Pagerejo | BW1: Desa Sidomulyo (Ngadirojo) | BX1: Desa Tanjunglor | BY1: Desa Tanjungpuro | BZ1: Desa Wiyoro | CA1: Desa Wonoasri | CB1: Desa Wonodadi Kulon | CC1: Desa Wonodadi Wetan | CD1: Desa Wonokarto | CE1: Desa Wonosobo | CF1: Desa Arjowinangun | CG1: Kelurahan Baleharjo | CH1: Desa Bangunsari (Pacitan) | CI1: Desa Banjarsari | CJ1: Desa Bolosingo | CK1: Desa Kayen | CL1: Desa Kembang | CM1: Desa Menadi | CN1: Desa Mentoro | CO1: Desa Nanggungan | CP1: Kelurahan Pacitan | CQ1: Kelurahan Ploso | CR1: Desa Ponggok | CS1: Kelurahan Pucangsewu | CT1: Desa Purworejo | CU1: Desa Sambong | CV1: Desa Sedeng | CW1: Desa Semanten | CX1: Kelurahan Sidoharjo | CY1: Desa Sirnoboyo | CZ1: Desa Sukoharjo | DA1: Desa Sumberharjo | DB1: Desa Tambakrejo | DC1: Desa Tanjungsari | DD1: Desa Widoro (Pacitan) | DE1: Desa Candi | DF1: Desa Dadapan | DG1: Desa Dersono | DH1: Desa Glinggangan | DI1: Desa Jlubang | DJ1: Desa Ngadirejan | DK1: Desa Pelem | DL1: Desa Poko | DM1: Desa Pringkuku | DN1: Desa Sobo | DO1: Desa Sugihwaras | DP1: Desa Tamanasri | DQ1: Desa Watu Karung | DR1: Desa Bomo | DS1: Desa Gondosari | DT1: Desa Kebonsari | DU1: Desa Kendal | DV1: Desa Mantren (Punung) | DW1: Desa Mendolo Kidul | DX1: Desa Mendolo Lor | DY1: Desa Piton | DZ1: Desa Ploso (Punung) | EA1: Desa Punung | EB1: Desa Sooka | EC1: Desa Tinatar | ED1: Desa Wareng | EE1: Desa Gunung Rejo | EF1: Desa Karang Mulyo | EG1: Desa Ketanggung | EH1: Desa Klepu (Sudimoro) | EI1: Desa Pager Kidul | EJ1: Desa Pager Lor | EK1: Desa Sembowo | EL1: Desa Sudimoro | EM1: Desa Sukorejo | EN1: Desa Sumber Rejo | EO1: Desa Gedangan | EP1: Desa Gemaharjo | EQ1: Desa Kasihan | ER1: Desa Kebondalem | ES1: Desa Kemuning | ET1: Desa Ngreco | EU1: Desa Ploso (Tegalombo) | EV1: Desa Pucangombo | EW1: Desa Tahunan | EX1: Desa Tahunan Baru | EY1: Desa Tegalombo | EZ1: Desa Bubakan | FA1: Desa Bungur | FB1: Desa Gasang | FC1: Desa Jatigunung | FD1: Desa Jetak | FE1: Desa Kalikuning | FF1: Desa Ketro (Tulakan) | FG1: Desa Ketro Harjo | FH1: Desa Kluwih | FI1: Desa Losari | FJ1: Desa Ngile | FK1: Desa Nglaran | FL1: Desa Ngumbul | FM1: Desa Padi | FN1: Desa Tulakan | FO1: Desa Wonoanti | FP1: Desa Wonosidi
A2: KWT Ngudi Rejeki Lancar | B2: KWT Sido Lestari | C2: KWT Gayuh Sehat I | D2: KWT Tani Maju | E2: KWT Sumber Urip I | F2: KWT Dahlia | G2: KWT Eka Mandiri | H2: Sido Subur I | I2: KWT Mawar | J2: Sumber Urip I | K2: KWT Sido Makmur | L2: KWT Dahlia | M2: KWT SEKAR TANJUNG | N2: KWT MAWAR | O2: MAKMUR RUKUN I | P2: AKUR I | Q2: KWT PERTIWI | R2: BINTANG TIMUR | S2: BLIMBING TANI | T2: BUDI LUHUR | U2: BLOROK MADU | V2: KWT. MELATI | W2: KENANGA I | X2: ANGGIAT TANI | Y2: DADI MAKMUR | Z2: Dadi Makmur | AA2: Edi Peni | AB2: Jati Diri | AC2: Budi Lestari | AD2: Dadi Mulyo | AE2: KWT. KELAPA SARI | AF2: Loh Jinawi | AG2: Bakti Tani | AH2: KWT Sekar Arum Sejahtera | AI2: Gebang Wonokarto | AJ2: Assalam | AK2: Lestari | AL2: Sumber Makmur 1 | AM2: Setyo Maju 1 | AN2: Tri Karsa 1 | AO2: Tani Maju 1 | AP2: Gotong Royong 1 | AQ2: Sedyo Makmur 1 | AR2: Pratolo Mulyo 1 | AS2: Mentes 1 | AT2: Sido Mekar 1 | AU2: Sido Maju 1 | AV2: Sari Tani 1 | AW2: Margo Subur 1 | AX2: Lestari I | AY2: Ngudi Makmur 1 | AZ2: Sumber Asri 1 | BA2: Setya Usaha I | BB2: Bumi Harum 1 | BC2: Sido Rejo 1 | BD2: Sido Makmur 1 | BE2: Dewi Sinto | BF2: Dewi Sri | BG2: Karya Makmur I | BH2: Ledok Sari | BI2: Arum Tani | BJ2: BARU WUNGU | BK2: Karya Makmur | BL2: Berkah Tani | BM2: Gemah Ripah | BN2: NGUDI LUHUR I | BO2: KWT MARDI RAHAYU | BP2: SUKODONO I | BQ2: RUKUN MAKMUR I | BR2: Melati | BS2: Matahari | BT2: MEKARSARI I | BU2: KARYA MULYA I | BV2: BANGUNREJO I | BW2: KWT. LESTARI MULYO | BX2: MARGO RUKUN I | BY2: MAKMUR I | BZ2: MARDI REJO I | CA2: ERAS ASRI I | CB2: DHARMA BAKTI | CC2: SIDO MAKMUR I | CD2: ERAS I | CE2: ERAS SOBO 5 | CF2: Sido Asih I | CG2: Eko Proyo I | CH2: Gemah Ripah I | CI2: KWT Melati | CJ2: Utama Karya I | CK2: KWT Karya Makmur | CL2: Sido Mekar 1 | CM2: KWT SRIKANDI | CN2: Sedyo Tani I | CO2: KWT PADEMANGAN PUTRI | CP2: MANUNGGAL I | CQ2: KWT Margo Makmur VI A | CR2: SIDO MAKMUR I | CS2: KARYO TOMO I | CT2: KWT Sido Dadi | CU2: ARGO MULYO I | CV2: Mekar Sari I | CW2: Mugi Rahayu I | CX2: KWT Bina Makmur | CY2: KWT Mekar Sari | CZ2: KWT Sido Rukun | DA2: KWT Rejo Mulyo | DB2: Karya Tani I | DC2: Karya Tunggal I | DD2: KWT SIDO MAPAN | DE2: Nuju Makmur 01 | DF2: Suka Maju 01 | DG2: Sakti I | DH2: Margo Mulyo 01 | DI2: Selo Rejeki I | DJ2: Blimbing Sari | DK2: Sri Rejeki I | DL2: Lestari I | DM2: JANTI MAKMUR | DN2: Sido Mulyo I | DO2: Gemah Ripah I | DP2: SIDO MULYO SEPULUH | DQ2: KWT Sido Mukti 4 | DR2: KWT Manunggal Mukti | DS2: Maju Lancar | DT2: Harapan | DU2: Tani Harapan | DV2: Fajar Rahayu | DW2: Karya Luhur I | DX2: Basuki Makmur | DY2: Budi Luhur | DZ2: Amanah | EA2: Karya Tani | EB2: Mardi Utomo | EC2: Ayem Tentrem | ED2: Eko Budoyo | EE2: MEKAR SARI 1 | EF2: KWT. SRI TANJUNG | EG2: Sedya Mulya 1 | EH2: BATU GUNA | EI2: Kutilang 1 | EJ2: KARYA TANI | EK2: Margo Mulyo 1 | EL2: KWT. SRIKANDI | EM2: KWT Kali Rejo | EN2: SIDO LANCAR | EO2: RUKUN TANI I | EP2: GEMAH RIPAH 1 | EQ2: AMONG TANI I | ER2: SEDYO MAJU I | ES2: PUNCAK SEWU | ET2: KWT LUMBU INDAH | EU2: KARYA MAKMUR I | EV2: MANDIRI MAPAN | EW2: AL-FATTAH | EX2: GONDO ARUM | EY2: HANDAYANI I | EZ2: NGUDI BOGO I | FA2: KARYA TANI I | FB2: MARGO MAKMUR I | FC2: JATI MULYO 1 | FD2: DARMA TANI I | FE2: KWT Sido Lancar | FF2: SUBUR MAKMUR 1 | FG2: HARJO MAKMUR 1 | FH2: SETYA KARYA DUA | FI2: MEKAR SARI 1 | FJ2: EDI PENI I | FK2: KWT. JAMU SEGER MANIS | FL2: WALUYO ASIH I | FM2: PADI WARAS 2 | FN2: NGUPADI HASIL 1 | FO2: GEMAH RIPAH 1 | FP2: BUDI KARYA 1
A3: Adil Makmur I | B3: Sido Rukun I | C3: KWT Gayuh Sehat II | D3: Sido Dadi | E3: KWT Sumber Urip II | F3: KWT Melati Putih | G3: Lestari I | H3: Sido Subur II | I3: Tani Maju I | J3: Sumber Urip II | K3: Rukun III | L3: Sido Mulyo I | M3: SIDO MAKMUR I | N3: Rukun Santosa 01 | O3: MAKMUR RUKUN II | P3: AKUR II | Q3: Guyup Rukun 01 | R3: EDI PENI | S3: CIPTO TANI | T3: BUDI UTOMO | U3: ENGGAL LESTARI | V3: LESTARI | W3: KENANGA II | X3: KENANGA | Y3: GUNUNG SARI DUA | Z3: Hasil Tani | AA3: Eko Makaryo | AB3: Karya Bakti | AC3: Mardi Makmur I | AD3: KWT Karya Maju | AE3: Barokah | AF3: Makmur | AG3: Budi Luhur | AH3: Ngudi Rahayu | AI3: Makmur | AJ3: Budi Mulyo | AK3: Ngudi Makmur | AL3: Sumber Makmur 2 | AM3: Setyo Maju 3 | AN3: Tri Karsa 10 | AO3: Tani Maju 2 | AP3: Gotong Royong 2 | AQ3: Sedyo Makmur 2 | AR3: Pratolo Mulyo 2 | AS3: Mentes 2 | AT3: Sido Mekar 2 | AU3: Sido Maju 2 | AV3: Sari Tani 2 | AW3: Margo Subur 2 | AX3: Lestari II | AY3: Ngudi Makmur 2 | AZ3: Sumber Asri 2 | BA3: Setya Usaha II | BB3: Bumi Harum 10 | BC3: Sido Rejo 2 | BD3: Sido Makmur 2 | BE3: Dewi Sri | BF3: Dono Asih | BG3: Karya Makmur II | BH3: Manunggal Karya | BI3: Bina Tani I | BJ3: HARGO MULYO | BK3: Lestari | BL3: Karya Muda | BM3: Hidayah | BN3: NGUDI LUHUR II | BO3: MARDI RAHAYU I | BP3: SUKODONO II | BQ3: RUKUN MAKMUR II | BR3: PENI | BS3: TUNAS HARAPAN I | BT3: MEKARSARI II | BU3: KARYA MULYA II | BV3: BANGUNREJO II | BW3: WIDYASANA I | BX3: MARGO RUKUN II | BY3: MAKMUR II | BZ3: MARDI REJO II | CA3: ERAS ASRI II | CB3: NGUDI MAKMUR I | CC3: SIDO MAKMUR II | CD3: ERAS II | CE3: ERAS SOBO I | CF3: Sido Asih II | CG3: Eko Proyo II | CH3: Gemah Ripah II | CI3: Sido Dadi I | CJ3: Utama Karya II | CK3: KWT Sumber Rejeki | CL3: Sido Mekar 2 | CM3: Gemah Ripah I | CN3: Sedyo Tani II | CO3: Sedyo Rukun I | CP3: Manunggal II | CQ3: Margo Makmur I | CR3: SIDO MAKMUR II | CS3: KARYO TOMO II | CT3: Margo Mulyo I | CU3: ARGO MULYO II | CV3: Mekar Sari II | CW3: Mugi Rahayu II | CX3: KWT Mekar Makmur | CY3: Sido Maju I | CZ3: Sido Rukun I | DA3: KWT Tani Maju | DB3: Karya Tani II | DC3: Karya Tunggal II | DD3: Sidodadi I | DE3: Nuju Makmur II | DF3: Suka Maju 05 | DG3: Sakti II | DH3: Margo Mulyo 05 | DI3: Selo Rejeki II | DJ3: KWT. Rindang | DK3: Sri Rejeki II | DL3: Lestari II | DM3: Gondang Rejo I | DN3: Sido Mulyo II | DO3: Gemah Ripah II | DP3: KWT. Budi Lestari | DQ3: KWT Sido Mukti I | DR3: Manunggal Mukti | DS3: Margo Dadi | DT3: Lestari | DU3: Tani Makmur | DV3: Handayani | DW3: Karya Luhur II | DX3: Eko Karyo | DY3: Karya Tani | DZ3: Hidayah | EA3: Maju Lancar I | EB3: Mardi Waluyo I | EC3: Bakti Utomo | ED3: Ngudi Makmur | EE3: MEKAR SARI 2 | EF3: Margo Mulyo | EG3: Sedya Mulya 2 | EH3: LAJUR SEMPU 1 | EI3: Kutilang 2 | EJ3: NGUDI MULYO 1 | EK3: Margo Mulyo 2 | EL3: Mijil Pangan | EM3: KWT Marsudi Tani | EN3: Duren Manis 1 | EO3: RUKUN TANI II | EP3: GEMAH RIPAH 2 | EQ3: AMONG TANI II | ER3: SEDYO MAJU II | ES3: SIDO MAKMUR I | ET3: SUMBER TANI I | EU3: KARYA MAKMUR II | EV3: MEKAR DADI | EW3: BUMI RAHAYU | EX3: KWT LESTARI | EY3: HANDAYANI II | EZ3: NGUDI BOGO II | FA3: KARYA TANI II | FB3: MARGO MAKMUR II | FC3: JATI MULYO 2 | FD3: DARMA TANI II | FE3: MARGO MULYO 1 | FF3: SUBUR MAKMUR 2 | FG3: HARJO MAKMUR 2 | FH3: SETYA KARYA EMPAT | FI3: MEKAR SARI 2 | FJ3: EDI PENI II | FK3: TANI MAKMUR 1 | FL3: WALUYO ASIH II | FM3: PADI WARAS 3 | FN3: NGUPADI HASIL 2 | FO3: GEMAH RIPAH 2 | FP3: BUDI KARYA 2
A4: Adil Makmur II | B4: Sido Rukun II | C4: Rukun Makmur I | D4: Sido Makmur | E4: Sumber Urip I | F4: Margo Makmur I | G4: Lestari II | H4: Sido Subur III | I4: Tani Maju II | J4: Sumber Urip III | K4: Rukun Tani I | L4: Sido Mulyo IB | M4: SIDO MAKMUR II | N4: Rukun Santosa III | O4: MAKMUR RUKUN III | P4: AKUR III | Q4: Guyup Rukun 02 | R4: EKO SAYEKTI | S4: DADI MAKMUR | T4: GUNUNG SUBUR | U4: JATI SARI | V4: MAKMUR DUA | W4: SIDO DADI | X4: MARGO MAKMUR DUA | Y4: GUNUNG SARI SATU | Z4: Karya Bima | AA4: Gawe Santoso | AB4: Karya Tani | AC4: Mardi Makmur II | AD4: Margi Laras | AE4: Dadi Makmur | AF4: Margo Mulyo | AG4: Margo Mulyo | AH4: Sido Dadi I | AI4: Manunggal Bakti | AJ4: Dadi Subur | AK4: Sido Makmur | AL4: Sumber Makmur 3 | AM4: Setyo Maju 4 | AN4: Tri Karsa 11 | AO4: Tani Maju 3 | AP4: Gotong Royong 3 | AQ4: Sedyo Makmur 3 | AR4: Pratolo Mulyo 3 | AS4: Mentes 3 | AT4: Sido Mekar 3 | AU4: Sido Maju 3 | AV4: Sari Tani 3 | AW4: Margo Subur 3 | AX4: Lestari III | AY4: Ngudi Makmur 3 | AZ4: Sumber Asri 3 | BA4: Setya Usaha III | BB4: Bumi Harum 11 | BC4: Sido Rejo 3 | BD4: Sido Makmur 3 | BE4: Hargo Sedah | BF4: Indah Karya I | BG4: Margo Rahayu | BH4: Mawar | BI4: Bina Tani II | BJ4: Lestari Mulyo | BK4: Ngudi Boga | BL4: Maju Tani | BM4: Karya Makmur | BN4: NGUDI LUHUR III | BO4: MARDI RAHAYU II | BP4: SUKODONO III | BQ4: RUKUN MAKMUR III | BR4: PENI I | BS4: TUNAS HARAPAN II | BT4: MEKARSARI III | BU4: KARYA MULYA III | BV4: BANGUNREJO III | BW4: WIDYASANA II | BX4: MARGO RUKUN III | BY4: MAKMUR III | BZ4: MARDI REJO III | CA4: ERAS ASRI III | CB4: NGUDI MAKMUR II | CC4: SIDO MAKMUR III | CD4: ERAS III | CE4: ERAS SOBO II | CF4: Sido Asih III | CG4: KWT Sakura III | CH4: Gemah Ripah III | CI4: Sido Dadi II | CJ4: Utama Karya III | CK4: Sumber Urip I | CL4: Sido Mekar 3 | CM4: Gemah Ripah II | CN4: Sedyo Tani III | CO4: Sedyo Rukun II | CQ4: Margo Makmur II | CR4: SIDO MAKMUR III | CT4: Margo Mulyo II | CU4: ARGO MULYO III | CV4: Mekar Sari III | CW4: Mugi Rahayu III | CX4: Sido Makmur I | CY4: Sido Maju II | CZ4: Sido Rukun II | DA4: Sumber Makmur I | DB4: Karya Tani III | DC4: Karya Tunggal III | DD4: Sidodadi II | DE4: Nuju Makmur III | DF4: Suka Maju II | DG4: Sakti III | DH4: Margo Mulyo II | DI4: Selo Rejeki III | DJ4: Sumber Rejeki Dua | DK4: Sri Rejeki III | DL4: Lestari III | DM4: Gondang Rejo II | DN4: Sido Mulyo III | DO4: Gemah Ripah III | DP4: Sido Mulyo II | DQ4: Margo Mukti | DR4: Marsudi Tani | DS4: Margo Tani | DT4: Ngudi Makmur | DU4: Tani Mulyo | DV4: Ngudi Rukun | DW4: Karya Tani | DX4: Handayani | DY4: Rukun Tani | DZ4: Kurnia | EA4: Maju Lancar II | EB4: Mardi Waluyo II | EC4: Budi Lestari | ED4: Sido Dadi | EE4: MEKAR SARI 3 | EF4: Margo Rukun | EG4: Sedya Mulya 3 | EH4: LAJUR SEMPU 2 | EI4: Lumpang Bogo 1 | EJ4: NGUDI MULYO 2 | EK4: Margo Mulyo 3 | EL4: Ngudi Makmur | EM4: MARSUDI TANI 1 | EN4: Duren Manis 2 | EO4: RUKUN TANI III | EP4: GEMAH RIPAH 3 | EQ4: AMONG TANI III | ER4: SEDYO MAJU III | ES4: SIDO MAKMUR II | ET4: SUMBER TANI II | EU4: KARYA MAKMUR III | EV4: RUKUN TANI 2 | EW4: KARYA MAKMUR I | EX4: SIDO RUKUN I | EY4: HANDAYANI IV | EZ4: NGUDI BOGO III | FA4: KARYA TANI III | FB4: MARGO MAKMUR III | FC4: JATI MULYO 3 | FD4: DARMA TANI III | FE4: Margo Mulyo 10 | FF4: SUBUR MAKMUR IV | FG4: HARJO MAKMUR 3 | FH4: SETYA KARYA SATU | FI4: MEKAR SARI 3 | FJ4: EDI PENI III | FK4: TANI MAKMUR II | FL4: WALUYO ASIH III | FM4: PADI WARAS 4 | FN4: NGUPADI HASIL 3 | FO4: GEMAH RIPAH 3 | FP4: BUDI KARYA 3
A5: Adil Makmur III | B5: Sido Rukun III | C5: Rukun Makmur II | D5: Sido Mulyo | E5: Sumber Urip II | F5: Margo Makmur II | G5: Lestari III | H5: Sido Subur IV | I5: Tani Maju III | J5: Sumber Urip IV | K5: Rukun Tani II | L5: Sido Mulyo II | M5: SIDO MAKMUR III | N5: Rukun Santosa IV | O5: MAKMUR RUKUN IV | P5: AKUR IV | Q5: Guyup Rukun 03 | R5: GUNUNG SUBUR | S5: ENDAH PENI | T5: HARGO MAKMUR | U5: KARYA TUNGGAL | V5: MAKMUR SATU | W5: SIDO DADI 1 | X5: MARGO MAKMUR SATU | Y5: MEKAR DADI | Z5: Karya Makmur | AA5: Gotong Royong | AB5: KWT Mekar Sari | AC5: Mardi Makmur III | AD5: Margo Mulyo | AE5: Dadi Mulyo | AF5: Mekar Sari | AG5: Rukun Makmur | AH5: Sido Dadi II | AI5: Rukun Tani | AJ5: Giri Mulyo | AK5: Sido Tani | AL5: Sumber Makmur 4 | AM5: Setyo Maju 5 | AN5: Tri Karsa 2 | AO5: Tani Maju 4 | AP5: Gotong Royong 4 | AQ5: Sedyo Makmur 4 | AR5: Pratolo Mulyo 4 | AT5: Sido Mekar 4 | AU5: Sido Maju 4 | AV5: Sari Tani 4 | AW5: Margo Subur 4 | AX5: Lestari IV | AY5: Ngudi Makmur 4 | AZ5: Sumber Asri 4 | BA5: Setya Usaha IV | BB5: Bumi Harum 12 | BC5: Sido Rejo 4 | BD5: Sido Makmur 4 | BE5: Karya Mandiri | BF5: Karya Bakti | BG5: Margo Rahayu 2 | BH5: Nawanggono | BI5: Bina Tani III | BJ5: MARGO MULYO | BK5: Ngudi Luhur | BL5: MARSUDI SUBUR | BM5: Karya Tani | BN5: NGUDI LUHUR IV | BO5: MARDI RAHAYU III | BP5: SUKODONO IV | BQ5: RUKUN MAKMUR IV | BR5: PENI II | BS5: TUNAS HARAPAN III | BT5: MEKARSARI IV | BU5: KARYA MULYA IV | BV5: BANGUNREJO IV | BW5: WIDYASANA III | BX5: MARGO RUKUN IV | BY5: MAKMUR IV | BZ5: MARDI REJO IV | CA5: ERAS ASRI IV | CB5: NGUDI MAKMUR III | CC5: SIDO MAKMUR IV | CD5: ERAS IV | CE5: ERAS SOBO III | CF5: Sido Asih IV | CH5: Gemah Ripah IV | CI5: Sido Dadi III | CJ5: Utama Karya IV | CK5: Sumber Urip II | CL5: Sido Mekar 4 | CM5: Gemah Ripah III | CO5: Sedyo Rukun III | CQ5: Margo Makmur III | CR5: SIDO MAKMUR IV | CT5: Margo Mulyo III | CU5: ARGO MULYO IV | CV5: Mekar Sari IV | CW5: Mugi Rahayu IV | CX5: Sido Makmur II | CY5: Sido Maju III | CZ5: Sido Rukun III | DA5: Sumber Makmur II | DB5: KWT Dewi Sri | DC5: KWT Sri Tanjung | DD5: Sidodadi III | DE5: Nuju Makmur IV | DF5: Suka Maju III | DG5: Sakti IV | DH5: Margo Mulyo III | DI5: Selo Rejeki IV | DJ5: Sumber Rejeki III | DK5: Sri Rejeki IV | DL5: Lestari IV | DM5: Gondang Rejo V | DN5: Sido Mulyo IV | DO5: Gemah Ripah IX | DP5: Sido Mulyo III | DQ5: Sido Mukti I | DR5: Mekar Sari | DS5: Rahayu | DT5: Sido Dadi | DU5: Tani Murni | DV5: Rukun Mulyo | DW5: Margo Tresno | DX5: Karya Bakti | DY5: Sido Luhur | DZ5: Margo Asih | EA5: Margo Mulyo | EB5: Margo Gesang | EC5: Karya Makmur | ED5: Sido Makmur | EE5: SUMBER REJEKI 1 | EF5: Sido Dadi 1 | EG5: Sedya Mulya 4 | EH5: LAJUR SEMPU 3 | EI5: Lumpang Bogo 2 | EJ5: NGUDI TANI | EK5: Margo Mulyo 4 | EL5: Ngudi Mulyo 1 | EM5: MARSUDI TANI 2 | EN5: KWT Ngudi Rahayu | EP5: GEMAH RIPAH 4 | EQ5: AMONG TANI IV | ER5: SEDYO MAJU IV | ES5: SIDO MAKMUR IV | ET5: SUMBER TANI III | EU5: KARYA MAKMUR IV | EV5: RUKUN TANI 3 | EW5: KARYA MAKMUR II | EX5: SIDO RUKUN II | EY5: HANDAYANI V | EZ5: NGUDI BOGO IV | FA5: KARYA TANI IV | FC5: JATI MULYO 4 | FD5: DARMA TANI IV | FE5: MARGO MULYO 2 | FF5: SUBUR MAKMUR IX | FG5: HARJO MAKMUR 4 | FH5: SETYA KARYA TIGA | FI5: MEKAR SARI 4 | FJ5: EDI PENI IV | FK5: TANI MAKMUR III | FL5: WALUYO ASIH IV | FM5: PADI WARAS 5 | FN5: NGUPADI HASIL 4 | FO5: GEMAH RIPAH 4 | FP5: BUDI KARYA 4
A6: Adil Makmur IV | B6: Sri Mulyo | C6: Rukun Makmur III | E6: Sumber Urip III | F6: Margo Makmur III | G6: Lestari IV | I6: Tani Maju IV | J6: Sumber Urip V | K6: Rukun Tani IV | L6: Sido Mulyo III | M6: SIDO MAKMUR IV | N6: Rukun Santosa V | O6: MAKMUR RUKUN IX | P6: AKUR IX | Q6: Guyup Rukun 04 | R6: GUNUNG SUBUR I | S6: HAYATI | T6: KAMBOJA | U6: MAJU MAKMUR | V6: MAKMUR TIGA | W6: SIDO MAJU | X6: MARGO MAKMUR TIGA | Y6: MEKAR SARI | Z6: Karya Makmur I | AA6: Maju Lancar | AB6: Maju Lancar | AC6: Murih Widodo | AD6: Ngudi Mulyo | AE6: Kelapa Sari | AF6: Ngudi Bogo | AG6: Sido Mukti | AH6: Sri Rejeki I | AI6: Sedya Maju | AJ6: Karya Tani | AK6: Subur | AL6: Sumber Makmur 5 | AM6: Setyo Maju 6 | AN6: Tri Karsa 3 | AO6: Tani Maju 5 | AP6: Gotong Royong 5 | AQ6: Sedyo Makmur 5 | AR6: Pratolo Mulyo 5 | AT6: Sido Mekar 5 | AU6: Sido Maju 5 | AV6: Sari Tani 5 | AW6: Margo Subur 5 | AY6: Ngudi Makmur 5 | AZ6: Sumber Asri 5 | BA6: Setya Usaha V | BB6: Bumi Harum 13 | BC6: Sido Rejo 5 | BD6: Sido Makmur 5 | BE6: Mawar Putih | BF6: Kundang Makmur | BG6: Margo Utomo | BH6: Nawanggono II | BI6: Karya Tani | BJ6: MITRA TANI | BK6: Rukun Tani I | BL6: Marsudi Tani | BM6: Maju Lancar | BN6: NGUDI LUHUR V | BO6: MARDI RAHAYU IV | BQ6: RUKUN MAKMUR V | BR6: PENI III | BS6: TUNAS HARAPAN IV | BT6: MEKARSARI V | BU6: KARYA MULYA V | BV6: BANGUNREJO IX | BW6: WIDYASANA IV | BX6: MARGO RUKUN V | BY6: Seruni | BZ6: MARDI REJO V | CA6: ERAS ASRI V | CB6: NGUDI MAKMUR IV | CC6: SIDO MAKMUR V | CD6: ERAS V | CE6: ERAS SOBO IV | CH6: Gemah Ripah V | CK6: Sumber Urip III | CL6: Sido Mekar 5 | CM6: Gemah Ripah IV | CO6: Sedyo Rukun IV | CQ6: Margo Makmur IV | CR6: SIDO MAKMUR V | CU6: ARGO MULYO IX | CV6: Mekar Sari V | CW6: Mugi Rahayu V | CX6: Sido Makmur III | CY6: Sido Maju IV | DA6: Sumber Makmur III | DB6: KWT Srikandi | DE6: Nuju Makmur IX | DF6: Suka Maju IV | DG6: Sakti IX | DH6: Margo Mulyo IV | DI6: Selo Rejeki IX | DJ6: Sumber Rejeki IV | DK6: Sri Rejeki IX | DL6: Lestari V | DM6: Gondang Rejo VIII | DN6: Sido Mulyo V | DO6: Gemah Ripah VI | DP6: Sido Mulyo IV | DQ6: Sido Mukti II | DR6: Ratih Tani | DS6: Sedyo Mulyo | DT6: Sumber Rejeki | DV6: Rukun Mulyo 2 | DW6: Rebo Kliwon I | DX6: Karya Makmur | DY6: Sido Makmur | DZ6: Margo Mulyo | EA6: Mekar Sari | EB6: Ngudi Lestari | EC6: Rejo Mulyo | ED6: Sido Mulyo | EE6: SUMBER REJEKI 2 | EF6: Sido Dadi 2 | EG6: Sedya Mulya 5 | EH6: LAJUR SEMPU 4 | EI6: Pagergunung 1 | EJ6: SEDYO MAKMUR | EK6: Margo Mulyo 5 | EL6: Ngudi Mulyo 2 | EM6: NGUDI RAHAYU 1 | EN6: Makmur Lestari | EP6: GEMAH RIPAH 5 | EQ6: AMONG TANI IX | ER6: SEDYO MAJU V | ES6: SIDO RUKUN II | ET6: SUMBER TANI IV | EU6: KARYA MAKMUR V | EV6: RUKUN TANI 4 | EW6: KARYA MAKMUR III | EX6: SIDO RUKUN III | EY6: HANDAYANI VI | EZ6: NGUDI BOGO V | FA6: KARYA TANI V | FC6: JATI MULYO 5 | FD6: DARMA TANI V | FE6: MARGO MULYO 3 | FF6: SUBUR MAKMUR VII | FG6: HARJO MAKMUR 5 | FI6: MEKAR SARI 5 | FJ6: EDI PENI V | FK6: TANI MAKMUR IV | FM6: PADI WARAS 6 | FN6: NGUPADI HASIL 5 | FO6: GEMAH RIPAH 5 | FP6: BUDI KARYA 5
B7: Subur | C7: Rukun Makmur IV | E7: Sumber Urip IV | F7: Margo Makmur IV | I7: Tani Maju IX | J7: Sumber Urip VI | K7: Rukun Tani V | L7: Sido Mulyo IV | M7: SIDO MAKMUR IX | N7: Rukun Santoso II | O7: MAKMUR RUKUN V | P7: AKUR V | Q7: Guyup Rukun 05 | R7: Kartini | S7: MARGO MAKMUR | T7: KARYA BAKTI | U7: Margo Makmur | V7: PERINTIS | W7: SIDO MAJU 1 | X7: MARGO MULYO DUA | Y7: MUGI LESTARI | Z7: Karya Makmur II | AA7: Mardi Laras | AB7: Margo Makmur | AC7: Ngunduh Pakarti | AD7: Sido Maju | AE7: Margo Rukun | AF7: Ngudi Karyo | AG7: Sri Rejeki | AH7: Sri Rejeki II | AI7: Sido Dadi | AJ7: Langen Karyo | AK7: Sumber Agung | AM7: Setyo Maju 7 | AN7: Tri Karsa 4 | AO7: Tani Maju 6 | AP7: Gotong Royong 6 | AQ7: Sedyo Makmur 6 | AR7: Pratolo Mulyo 6 | AT7: Sido Mekar 6 | AU7: Sido Maju 6 | AV7: Sari Tani 6 | AY7: Ngudi Makmur 6 | AZ7: Sumber Asri 6 | BA7: Setya Usaha VI | BB7: Bumi Harum 2 | BD7: Sido Makmur 6 | BE7: Mugi Lancar | BF7: Lestari | BG7: Melati | BH7: Nawanggono III | BI7: Mawar | BJ7: Muda Taruna Mandiri | BK7: Rukun Tani II | BL7: Marsudi Tani I | BM7: Melati | BN7: Sumber Rejeki | BO7: MARDI RAHAYU V | BQ7: RUKUN MAKMUR VI | BR7: PENI IV | BS7: TUNAS HARAPAN IX | BV7: BANGUNREJO V | BW7: WIDYASANA IX | BX7: MARGO RUKUN VI | CB7: NGUDI MAKMUR V | CC7: SIDO MAKMUR VI | CH7: Gemah Ripah VI | CK7: Sumber Urip IV | CO7: Sedyo Rukun V | CQ7: Margo Makmur IX | CR7: SIDO MAKMUR VI | CU7: ARGO MULYO V | CV7: Mekar Sari VI | CW7: Mugi Rahayu VI | CX7: Sido Makmur IV | CY7: Sido Maju V | DE7: Nuju Makmur V | DF7: Suka Maju VI | DG7: Sakti V | DH7: Margo Mulyo VI | DI7: Selo Rejeki V | DJ7: Sumber Rejeki IX | DK7: Sri Rejeki Lima | DL7: Lestari VI | DM7: Karya Makmur | DN7: Sido Mulyo VI | DO7: Gemah Ripah VII | DP7: Sido Mulyo IX | DQ7: Sido Mukti III | DR7: Ratih Tani III | DS7: Sendang Sari | DV7: Suko Makmur | DW7: Rebo Kliwon II | DX7: Makaryo | DY7: Sri Rejeki | DZ7: Margo Tresno | EA7: Pangupo Jiwo | EB7: Sido Dadi | EC7: Ringin Bakti | ED7: Sido Tentrem | EE7: SUMBER REJEKI 3 | EF7: Subur Abadi | EG7: Sedya Mulya 6 | EH7: LAJUR SEMPU 5 | EI7: Pagergunung 2 | EJ7: SUMBER REJEKI | EK7: Margo Mulyo 6 | EL7: Sido Maju | EM7: NGUDI RAHAYU 2 | EN7: Ngudi Lestari 1 | EP7: GEMAH RIPAH 6 | EQ7: AMONG TANI V | ES7: SIDO RUKUN IV | ET7: SUMBER TANI V | EU7: KARYA MAKMUR VI | EV7: RUKUN TANI I | EW7: KARYA MAKMUR IV | EX7: SIDO RUKUN IV | EY7: HANDAYANI VII | EZ7: NGUDI BOGO VI | FA7: KWT. BUNGUR ASRI | FC7: JATI MULYO 6 | FD7: DARMA TANI VI | FE7: MARGO MULYO 4 | FF7: SUBUR MAKMUR VIII | FG7: HARJO MAKMUR 6 | FI7: MEKAR SARI 6 | FJ7: Wanodyo Joyo | FK7: TANI MAKMUR V | FM7: PADI WARAS I | FO7: GEMAH RIPAH 6 | FP7: BUDI KARYA 6
C8: Rukun Makmur V | E8: Sumber Urip V | I8: Tani Maju V | K8: Rukun Tani VI | M8: SIDO MAKMUR V | O8: MAKMUR RUKUN VI | P8: AKUR VI | Q8: Guyup Rukun 06 | R8: MAJU MAPAN | S8: NGUDI MAKMUR | T8: KARYA TANI | U8: MARGO MULYO BARU | V8: SEJAHTERA DUA | W8: SIDO MAKMUR | X8: MARGO MULYO SATU | Y8: MULYA TANI | Z8: Karya Manunggal I | AA8: Margo Laras | AB8: Margo Mulyo | AC8: Padi Murni | AD8: Tani Lestari | AE8: Margo Tentrem | AF8: Ngudi Makmur | AG8: Sumber Makmur | AH8: Sri Rejeki III | AI8: Sido Maju | AJ8: Sido Muncul | AK8: Sumber Makmur | AM8: Setyo Maju Dua | AN8: Tri Karsa 5 | AP8: Gotong Royong 7 | AQ8: Sedyo Makmur 7 | AT8: Sido Mekar 7 | AU8: Sido Maju 7 | AV8: Sari Tani 7 | AY8: Ngudi Makmur 7 | AZ8: Sumber Asri 7 | BA8: Setya Usaha VII | BB8: Bumi Harum 3 | BE8: Pelita Jaya | BF8: Nusa Indah | BG8: Sri Mulya | BH8: Sendang Mulyo | BI8: Ngudi Rahayu I | BJ8: Ngudi Mulyo | BK8: Sari Mulyo I | BL8: Ngestu Tani | BM8: Ngudi Makmur | BO8: MARDI RAHAYU VI | BQ8: RUKUN MAKMUR VII | BR8: PENI V | BS8: TUNAS HARAPAN V | BV8: BANGUNREJO VI | BW8: WIDYASANA V | BX8: MARGO RUKUN VII | CB8: NGUDI MAKMUR VI | CH8: KWT Mekar Sari | CK8: Sumber Urip V | CO8: Sedyo Rukun VI | CQ8: Margo Makmur V | CR8: SIDO MAKMUR VII | CU8: ARGO MULYO VI | CV8: Mekar Sari VII | CW8: Mugi Rahayu VII | CX8: Sido Makmur IX | DE8: Nuju Makmur VI | DG8: Sakti VI | DH8: Margo Mulyo VII | DI8: Selo Rejeki VI | DJ8: Sumber Rejeki V | DK8: Sri Rejeki Sepuluh | DL8: Lestari VII | DM8: Kembang Rejo | DO8: Gemah Ripah VIII | DP8: Sido Mulyo Nol Satu | DQ8: Sido Mukti IV | DR8: Ratih Tani IV | DS8: Sri Rejeki | DV8: Tani Makmur | DW8: Rebo Legi | DX8: Ngudi Makmur | DY8: Sumberejo | DZ8: Margo Utomo | EA8: Punadirpa | EB8: Sido Mulyo I | EC8: Sido Mukti | ED8: Sumber Makmur | EE8: TANI MAJU 1 | EF8: Suko Makmur | EG8: Sedya Mulya 7 | EH8: LAJUR SEMPU 6 | EI8: Tumpang Lestari | EJ8: SUMBER URIP MULYO | EK8: Margo Rukun 1 | EL8: SIDO MAKMUR | EM8: SALAM REJO | EN8: Ngudi Lestari 2 | EP8: GEMAH RIPAH 7 | EQ8: AMONG TANI VI | ES8: SIDO RUKUN VI | ET8: SUMBER TANI VI | EU8: KARYA MAKMUR VII | EV8: RUKUN TANI MAJU | EW8: KWT SUMBER WARAS | EY8: HANDAYANI VIII | EZ8: NGUDI BOGO VII | FC8: JATI MULYO 7 | FE8: MARGO MULYO 5 | FI8: MEKAR SARI 7 | FK8: TANI MAKMUR VI | FO8: KWT ALAS SUBUR
C9: Rukun Makmur VI | E9: Sumber Urip VI | I9: Tani Maju VI | K9: Rukun Tani VII | M9: SIDO MAKMUR VI | O9: MAKMUR RUKUN VII | P9: AKUR VII | R9: MARGO UTOMO | S9: NGUDI REJEKI | T9: NGUDI LUHUR | U9: Mawar Putih | V9: SEJAHTERA SATU | W9: SIDO MAKMUR 1 | X9: MARGO MULYO TIGA | Y9: RUKUN TANI | Z9: Karya Manunggal II | AA9: Mugi Rahayu | AB9: Ngudi Mulyo | AC9: Rahayu Widodo | AE9: Sido Maju I | AF9: Ngudi Mulyo | AG9: Tani Mulyo | AH9: Sri Rejeki IV | AI9: Sido Makmur | AJ9: Sidorejo | AK9: Sumber Rejeki | AM9: Sido Makmur | AN9: Tri Karsa 6 | AP9: Gotong Royong 8 | AQ9: Sedyo Makmur 8 | AU9: Winasri | AV9: Sari Tani 8 | AY9: Ngudi Makmur 8 | BB9: Bumi Harum 4 | BE9: Sumber Rejeki | BF9: Setya Karya | BG9: Sumber Dadi | BH9: Setya Karya | BI9: Ngudi Rahayu II | BJ9: Rukun Santosa | BK9: Sari Mulyo II | BL9: Rahayu | BM9: Ngudi Makmur II | BO9: MARDI RAHAYU VII | BR9: PENI VI | BS9: TUNAS HARAPAN VI | BV9: BANGUNREJO VII | BW9: WIDYASANA VI | CB9: SIDO MAKMUR I | CQ9: Margo Makmur VI | CR9: SIDO MAKMUR VIII | CU9: ARGO MULYO VII | CV9: Mekar Sari VIII | CX9: Sido Makmur V | DE9: Nuju Makmur VII | DG9: Sakti VII | DH9: Margo Mulyo VIII | DI9: Selo Rejeki VII | DJ9: Sumber Rejeki VI | DK9: Sri Rejeki VI | DL9: Lestari VIII | DM9: Maju Makmur | DO9: Gemah Ripah X | DP9: Sido Mulyo V | DQ9: Sido Mukti V | DR9: Sedyo Rukun | DS9: Tambah Rejo | DV9: Tani Mulyo | DW9: Tani Makmur | DX9: Sumber Makmur | DY9: Tani Mulyo I | DZ9: Ngudi Mulyo | EA9: Purwodadi | EB9: Sido Mulyo II | EE9: TANI MAJU 2 | EG9: Sido Makmur 1 | EH9: MANDIRI | EI9: Wana Asri | EJ9: TANI ASLI 1 | EK9: Margo Rukun 2 | EL9: Suko Makmur | EM9: SEDYO MAJU | EN9: Ngudi Lestari 3 | EP9: KWT GEMAH LESTARI | EQ9: AMONG TANI VII | ES9: TOMPAK MIJIL | EU9: KARYA MAKMUR VIII | EV9: SIDO MAKMUR | EW9: KWT WANDIRA | EY9: KWT.TENGGAR ASRI | EZ9: NGUDI BOGO VIII | FC9: JATI MULYO 8 | FE9: MARGO MULYO 6 | FO9: KWT ATSIRI JAYA
I10: Tani Maju VII | M10: SIDO MAKMUR VII | O10: MAKMUR RUKUN VIII | P10: AKUR VIII | R10: Mbudidoyo | S10: SARI BUMI | T10: NGUDI MAKMUR | U10: REJO MAKMUR | V10: SETYA KARYA DUA | W10: SIDO MUKTI | X10: MUDA TANI DUA | Y10: Sari Mulyo | Z10: Karya Tani | AA10: Ngudi Luhur | AB10: Ngudi Utomo | AC10: Sayuk Rukun | AE10: Sido Maju II | AF10: Ngudi Rahayu | AH10: Sumber Rejeki | AJ10: Sumber Mulyo | AN10: Tri Karsa 7 | AP10: Gotong Royong 9 | AQ10: Sedyo Makmur 9 | AV10: Sari Tani 9 | BB10: Bumi Harum 5 | BE10: Tani Maju | BF10: Sido Mulyo | BG10: Tani Mulya | BH10: Setya Tani | BI10: Sri Sedono | BJ10: Seroja | BK10: Setya Tani | BL10: Sari Bumi | BM10: Sari Bumi | BR10: PENI VII | BS10: TUNAS HARAPAN VII | BV10: BANGUNREJO VIII | BW10: Widyasana VII | CB10: SIDO MAKMUR II | CQ10: Margo Makmur VII | CU10: ARGO MULYO VIII | CX10: Sido Makmur VI | DE10: Nuju Makmur VIII | DG10: Sakti VIII | DI10: Selo Rejeki VIII | DJ10: Sumber Rejeki VII | DK10: Sri Rejeki VII | DM10: Pindul Makmur | DO10: Gemah Ripah XI | DP10: Sido Mulyo VI | DQ10: Sido Mukti VII | DR10: Sido Makmur | DS10: Tani Maju | DV10: Tani Rukun | DY10: Tani Mulyo II | DZ10: Rukun Tani | EA10: Subur Makmur | EB10: Sido Rukun I | EE10: TANI MAKMUR 1 | EG10: Sido Makmur 2 | EH10: MARGO MULYO 1 | EI10: Worawari 1 | EJ10: TANI ASLI 2 | EK10: Margo Rukun 3 | EL10: Sumber Pangan | EM10: SETYO TANI 1 | EN10: Selo Makmur 1 | EQ10: AMONG TANI VIII | EU10: KWT HAYATI | EV10: SIDO TANI MAJU | EW10: MARGO MAKMUR ABADI | EZ10: RUKUN | FC10: JATI MULYO 9 | FE10: MARGO MULYO 7
I11: Tani Maju VIII | M11: SIDO MAKMUR VIII | O11: MAKMUR RUKUN X | P11: AKUR X | R11: Nggrening | S11: SARI REJEKI | T11: NGUDI RUKUN | U11: REJO SARI | V11: SETYA KARYA SATU | W11: SIDO MULYO | X11: MUDA TANI SATU | Y11: SEDYO MULYO | Z11: Margo Makmur | AA11: Sedyo Mulyo | AB11: Padas Subur | AC11: Sri Rahayu | AE11: Sido Makmur | AF11: Ngudi Rejeki | AH11: Tani Rukun | AJ11: Sumber Rejeki | AN11: Tri Karsa 8 | AP11: Sumber Makmur | BB11: Bumi Harum 6 | BF11: Sri Mulyo | BH11: Sido Makmur | BI11: Sumber Rejeki | BJ11: SIDO MAKMUR | BK11: Sidorejo | BL11: Sido Makmur | BM11: Sari Tani | BR11: PENI VIII | BS11: TUNAS HARAPAN VIII | BW11: WIDYASANA VIII | CB11: SIDO MAKMUR III | CQ11: Margo Makmur VIII | CU11: ARGO MULYO X | CX11: Sido Makmur VII | DE11: Nuju Makmur X | DG11: Sakti X | DI11: Selo Rejeki X | DJ11: Sumber Rejeki VIII | DK11: Sri Rejeki VIII | DM11: Sambi Rejo | DO11: Gemah Ripah XII | DP11: Sido Mulyo VII | DR11: Sri Mulyo | DS11: Tani Widodo | DY11: Tuhu Bakti I | DZ11: Sedyo Rukun | EA11: Sumber Agung | EB11: Suka Maju | EE11: TANI MAKMUR 2 | EG11: Sumber Rejeki 1 | EH11: MARGO MULYO 2 | EI11: Worawari 2 | EJ11: TANI MAJU 1 | EK11: Margo Rukun 4 | EL11: Sumber Rejeki 1 | EM11: SETYO TANI 2 | EN11: Selo Makmur 2 | EQ11: SAMPURNA ABADI | EU11: RUMAH TANI MAKMUR | EW11: NGUDI REJEKI | FC11: KWT JATI ASRI | FE11: Suka Maju
M12: SIDO MAKMUR X | P12: AKUR XI | R12: NGGRENING DUA | S12: SARI TANI | T12: NGUDI SUBUR 01 | U12: SIDO URIP | V12: SETYA KARYA TIGA | W12: SIDO MULYO 1 | X12: NGUDI MULYO | Y12: SEDYO RUKUN | Z12: Marsudi Makmur I | AA12: Sido Maju | AB12: Setyo Tuhu | AC12: Sri Rejeki | AF12: Ngudi Santoso | AN12: Tri Karsa 9 | BB12: Bumi Harum 7 | BF12: Sri Rejeki | BH12: Sri Lestari | BI12: Tani Makmur | BJ12: SIDO RUKUN | BK12: Sinar pelita | BL12: Sri Tani | BM12: SIDO DADI | CB12: SIDO MAKMUR IV | CU12: ARGO MULYO XI | CX12: Sido Makmur VIII | DE12: Nuju Makmur XI | DG12: Sakti XI | DK12: Sri Rejeki XI | DM12: Sido Makmur I | DP12: Sido Mulyo VIII | DR12: Tani Mulyo | DY12: Tuhu Bakti II | DZ12: Tani Maju | EA12: Sumber Agung Muda | EG12: Sumber Rejeki 2 | EH12: MARGO RUKUN | EJ12: TANI MAJU 2 | EL12: Sumber Rejeki 2 | EN12: Swadaya Mandiri 1 | EU12: SIDO MAKMUR | EW12: SIDO DADI GROGOL | FE12: TRI MULYO
M13: SIDO MAKMUR XI | P13: Akur XII | R13: NGGRENING SATU | S13: SETYA KAWAN | T13: NGUDI SUBUR 02 | U13: SRI REJEKI | V13: SIDO DADI DUA | W13: SIDO MUNCUL | X13: NGUDI TANI | Y13: SETYA TANI | Z13: Marsudi Makmur II | AA13: Sri Mulyo | AB13: Sido Mulyo | AC13: Sumber Rejeki | AF13: Ngudi Tani | AN13: TUNAS BARU | BB13: Bumi Harum 8 | BF13: Sumber Karya | BH13: Sri Rejeki | BJ13: SINAR HARAPAN | BK13: Sinar Pelita I | BL13: Srikandi | BM13: Sido Makmur | CU13: ARGO MULYO XII | CX13: Sido Makmur X | DE13: Nuju Makmur XII | DG13: Sakti XII | DK13: Sri Rejeki XII | DM13: Sido Makmur II | DR13: Tani Rukun | DZ13: Tani Murni | EA13: Sumber Asih | EH13: SIDO DADI 1 | EJ13: TANI MAJU 3 | EL13: Sumber Tani | EN13: Swadaya Mandiri 2 | EU13: TANI BERKAH
P14: AKUR XIII | R14: NGUDI MULYO | S14: SETYA TANI | T14: NGUDI SUBUR III | U14: SUMBER MAKMUR | V14: SIDO DADI SATU | W14: SUKA MAJU | X14: RAHAYU | Y14: SIDO RUKUN | Z14: Marsudi Makmur III | AA14: Sri Rahayu | AB14: SUMBER AGUNG | AC14: Tani Makmur | AF14: Rahayu | BB14: Bumi Harum 9 | BF14: Sumber Rejeki | BH14: Sri Rejeki II | BK14: Sinar Pelita II | BL14: Suka Tani | BM14: Sido Makmur II | CX14: Sido Makmur XI | DE14: Nuju Makmur XIII | DG14: Sakti XIII | DK14: Sri Rejeki XIII | DM14: Sido Makmur III | EA14: Tani Rukun | EH14: SIDO DADI 2 | EJ14: USAHA TANI 1 | EL14: Tani Harapan | EN14: Wana Lestari 1 | EU14: TANI MAJU
R15: PETUNG | S15: SIDO RUKUN | T15: SARI REJEKI | U15: SUMBER REJEKI | V15: SIDO MAKMUR | X15: RUKUN TANI | Y15: TAMAN TANI | Z15: Ngudi Makmur I | AA15: Sri Rejeki | AB15: Sumber Rejeki | AF15: Sumber Rejeki | BF15: Sumber Sari | BH15: Sri Sadono | BK15: Tunas Subur | BL15: Tani Sido Makmur | BM15: Sido Rukun | DE15: Nuju Makmur XIV | DG15: Sakti XIV | DK15: Sri Rejeki XIV | DM15: Tani Mulya | EH15: SUMBER LANCAR | EJ15: USAHA TANI 2 | EL15: Tani Makmur | EN15: Wana Lestari 2 | EU15: TANI MAKMUR
A16: =$A$1&"-"&A2 -> Desa Arjosari-KWT Ngudi Rejeki Lancar | R16: REJO MULYO | S16: SUMBER MULYO | T16: SIDO LUHUR | U16: TUNAS MANUNGGAL | V16: SIDO MULYO | X16: SERBA TANI | Y16: TANI RUKUN SATU | Z16: Ngudi Makmur II | AB16: Tani Rukun | AF16: Sumber Rejo | DE16: Nuju Makmur XV | DG16: Sakti XIX | DM16: Wayah Makmur | EH16: TANI SUBUR | EL16: Tani Mulyo | EU16: TANI MULYA
A17: =$A$1&"-"&A3 -> Desa Arjosari-Adil Makmur I | R17: SARI MULYO | S17: SUMBER REJEKI | T17: SIDO MAKMUR | V17: TERATAI | Y17: WARGO TANI II | Z17: Ngudi Rahayu | AB17: WANA BOGA | AF17: Tani Maju | DE17: Nuju Makmur XVI | DG17: Sakti XV | EL17: Tani Murni | EU17: TANI SEJAHTERA
A18: =$A$1&"-"&A4 -> Desa Arjosari-Adil Makmur II | R18: SARI MULYO I | S18: SUMBER URIP | T18: SIDO RUKUN | Y18: WARGO TANI SATU | Z18: Sido Maju I | AF18: Tani Mulyo | DE18: Nuju Makmur XVI A | DG18: Sakti XVI | EL18: Tunas Harapan
A19: =$A$1&"-"&A5 -> Desa Arjosari-Adil Makmur III | R19: SIDO MAJU | S19: TANI MAKMUR | T19: SUMBER REJEKI | Z19: Sido Maju II | DG19: Sakti XVII | EL19: Usaha Tani
A20: =$A$1&"-"&A6 -> Desa Arjosari-Adil Makmur IV | R20: SIDO MAKMUR | S20: TANI MULYO | T20: TANI LESTARI | Z20: Sido Makmur | DG20: Sakti XVIII
R21: SIDO MAKMUR 4 | S21: UNGGUL | T21: TANI SUBUR 01 | Z21: Wana Lestari
R22: Suroloyo | S22: WIDODO MULYO | T22: TANI SUBUR 02
R23: Suroloyo I | T23: TANI UTOMO
T24: WARGO RUKUN

Sheet Data Aspek
A1: ASPEK | B1: Kemampuan Merencanakan | C1: Kemampuan Mengorganisasikan | D1: Kemampuan Melaksanakan Kegiatan | E1: Kemampuan Melakukan Pengendalian dan Pelaporan | F1: Kemampuan Mengembangkan Kepemimpinan Kelompok Tani | G1: Indikator | H1: Pemula | I1: Lanjut | J1: Madya | K1: Utama | M1: Rencana Belajar | N1: Rencana Usaha | O1: Struktur Organisasi | P1: Aturan dan Norma | Q1: Administrasi Rutin | R1: Pertemuan Rutin | S1: Pelaksanaan Belajar | T1: Melaksanakan usaha | U1: Pemupukan modal | V1: Pelayanan informasi dan teknologi | W1: Evaluasi usaha kelompok | X1: Pengembangan kapasitas dan pengkaderan pengurus
A2: Kemampuan Merencanakan | B2: Rencana Belajar | C2: Struktur Organisasi | D2: Pertemuan Rutin | E2: Evaluasi usaha kelompok | F2: Pengembangan kapasitas dan pengkaderan pengurus | G2: Rencana Belajar | H2: Ada rencana belajar tidak tertulis | I2: Ada rencana belajar tertulis, melibatkan unsur dalam poktan | J2: Ada rencana belajar tertulis, melibatkan petani atau poktan Lain | K2: Ada rencana belajar tertulis, melibatkan petani atau poktan lain dan lembaga atau instansi lain
A3: Kemampuan Mengorganisasikan | B3: Rencana Usaha | C3: Aturan dan Norma | D3: Pelaksanaan Belajar | G3: Rencana Usaha | H3: Ada rencana usaha, belum tertulis | I3: Ada rencana usaha tertulis, berorientasi pasar | J3: Ada rencana usaha bersama tertulis, ada jejaring | K3: Ada rencana usaha bersama dan bermitra (MoU)
A4: Kemampuan Melaksanakan Kegiatan | C4: Administrasi Rutin | D4: Melaksanakan usaha | G4: Struktur Organisasi | H4: Sederhana (Ketua, Sekretaris, Bendahara) | I4: Kompleks (Ketua, Sekretaris, Bendahara dan Seksi-seksi) | J4: Kompleks, ada pembagian tugas | K4: Kompleks, ada pembagian tugas dan dijalankan dengan baik
A5: Kemampuan Melakukan Pengendalian dan Pelaporan | D5: Pemupukan modal | G5: Aturan dan Norma | H5: Ada aturan dan norma tidak tertulis | I5: Ada aturan dan norma tertulis, tidak dilaksanakan | J5: Ada aturan dan norma tertulis, dilaksanakan | K5: Ada aturan dan norma tertulis, dilaksanakan, ada sanksi
A6: Kemampuan Mengembangkan Kepemimpinan Kelompok Tani | D6: Pelayanan informasi dan teknologi | G6: Administrasi Rutin | H6: Administrasi pembukuan sederhana : 5 Buku (Buku Anggota, Buku Tamu, Buku Kegiatan, Daftar Hadir, Buku Kas) | I6: Administrasi pembukuan lebih lengkap : 7 Buku (Buku Anggota, Buku Tamu, Buku Kegiatan, Daftar Hadir, Notulen, Buku Kas, Buku Iuran) | J6: Administrasi pembukuan lebih lengkap dan terisi dengan tertib meliputi : 8 Buku (Buku Anggota, Buku Tamu, Buku Kegiatan, Daftar Hadir, Notulen, Buku Kas, Buku Iuran, Buku Inventaris) | K6: Administrasi pembukuan lebih lengkap dan terisi dengan tertib meliputi : 9 Buku (Buku Anggota, Buku Tamu, Buku Kegiatan, Daftar Hadir, Notulen, Buku Kas, Buku Iuran, Buku Inventaris dan Buku Rencana Kegiatan)
G7: Pertemuan Rutin | H7: Pertemuan tidak rutin, pertemuan jika ada Program/masalah saja, kehadiran anggota < 50%, materi utama teknis budidaya, setiap pertemuan belum tentu ada notulensi | I7: Pertemuan rutin setiap bulan/selapanan, rata-rata kehadiran anggota > 50% anggota, materi usaha hulu-hilir, setiap pertemuan belum tentu ada notulen | J7: Pertemuan rutin setiap bulan/selapanan, rata-rata kehadiran anggota > 75% anggota, materi usaha hulu-hilir, setiap pertemuan belum ada notulen | K7: Melaksanakan pertemuan setiap 2 minggu sekali, Rata-rata kehadiran > 75% anggota, materi usaha hulu-hilir, setiap pertemuen
G8: Pelaksanaan Belajar | H8: Melaksanakan belajar | I8: Melaksanakan belajar dengan melibatkan unsur dari dalam poktan | J8: Melaksanakan belajar dengan melibatkan unsur dari dalam poktan dan petani/poktan lain | K8: Melaksanakan belajar dengan melibatkan unsur dari dalampoktan, petani/poktan lain, lembaga/instansi lain
G9: Melaksanakan usaha | H9: Melaksanakan usaha untuk pemenuhan kebutuhan sendiri | I9: Melaksanakan usaha bersama kelompok yang berorientasi pasar | J9: Melaksanakan usaha bersama kelompok yang berorientasi pasar, terintegrasi dan sudah menjalin kerjasama/jejaring usaha (bukan bantuan/program) | K9: Melaksanakan usaha bersama kelompok berorientasi pasar, menerapkan Sistem Pertanian Terpadu (SPT) yang berwawasan lingkungan, dan sudah bermitra (MoU) (bukan bantuan/program)
G10: Pemupukan modal | H10: Ada pemupukan modal usaha dari anggota | I10: Ada pemupukan modal dari anggota dan penyisihan hasil usaha kelompok | J10: Ada pemupukan modal dari anggota, penyisihan hasil usaha kelompok dan dari lembaga keuangan | K10: Ada pemupukan modal dari anggota, penyisihan hasil usaha kelompok, lembaga keuangan dan mitra usaha
G11: Pelayanan informasi dan teknologi | H11: Pelayanan informasi dan teknologi bersumber dari lingkup poktan dan penyuluh untuk anggota | I11: Pelayanan informasi dan teknologi bersumber dari berbagai sumber untuk anggota | J11: Pelayanan informasi dan teknologi bersumber dari berbagai sumber berbasis IT untuk anggota | K11: Pelayanan informasi dan teknologi bersumber dari berbagai sumber berbasis IT untuk anggota dan masyarakat tani
G12: Evaluasi usaha kelompok | H12: Melakukan evaluasi perencanaan dan pelaksanaan usaha tidak tertulis | I12: Melakukan evaluasi perencanaan dan pelaksanaan usaha secara tertulis melibatkan unsur dari dalam kelompok | J12: Melakukan evaluasi perencanaan dan pelaksanaan usaha secara tertulis melibatkan unsur dari dalam poktan dan petani/poktan lain | K12: Melakukan evaluasi perencanaan dan pelaksanaan usaha secara tertulis melibatkan unsur dari dalam poktan dan petani/poktan lain, lembaga/instansi lain
G13: Pengembangan kapasitas dan pengkaderan pengurus | H13: Ada pengembangan kapasitas SDM | I13: Sudah dilakukan penyiapan calon pengganti pengurus | J13: Sudah dilakukan pemilihan dan pergantian pengurus dengan periode waktu tertentu | K13: Sudah dilakukan pergantian pengurus yang memiliki kemampuan manajerial, agribisnis, kewirausahaan

Sheet Data Indikator
A1: ASPEK | B1: Kemampuan Merencanakan | C1: Kemampuan Mengorganisasikan | D1: Kemampuan Melaksanakan Kegiatan | E1: Kemampuan Melakukan Pengendalian dan Pelaporan | F1: Kemampuan Mengembangkan Kepemimpinan Kelompok Tani
A2: Kemampuan Merencanakan | B2: Rencana Belajar | C2: Struktur Organisasi | D2: Pertemuan Rutin | E2: Evaluasi usaha kelompok | F2: Pengembangan kapasitas dan pengkaderan pengurus
A3: Kemampuan Mengorganisasikan | B3: Rencana Usaha | C3: Aturan dan Norma | D3: Pelaksanaan Belajar
A4: Kemampuan Melaksanakan Kegiatan | C4: Administrasi Rutin | D4: Melaksanakan usaha
A5: Kemampuan Melakukan Pengendalian dan Pelaporan | D5: Pemupukan modal
A6: Kemampuan Mengembangkan Kepemimpinan Kelompok Tani | D6: Pelayanan informasi dan teknologi

Sheet Data Kriteria Indikator
A1: Indikator | B1: Pemula | C1: Lanjut | D1: Madya | E1: Utama
A2: Rencana Belajar | B2: Ada rencana belajar tidak tertulis | C2: Ada rencana belajar tertulis, melibatkan unsur dalam poktan | D2: Ada rencana belajar tertulis, melibatkan petani atau poktan Lain | E2: Ada rencana belajar tertulis, melibatkan petani atau poktan lain dan lembaga atau instansi lain
A3: Rencana Usaha | B3: Ada rencana usaha, belum tertulis | C3: Ada rencana usaha tertulis, berorientasi pasar | D3: Ada rencana usaha bersama tertulis, ada jejaring | E3: Ada rencana usaha bersama dan bermitra (MoU)
A4: Struktur Organisasi | B4: Sederhana (Ketua, Sekretaris, Bendahara) | C4: Kompleks (Ketua, Sekretaris, Bendahara dan Seksi-seksi) | D4: Kompleks, ada pembagian tugas | E4: Kompleks, ada pembagian tugas dan dijalankan dengan baik
A5: Aturan dan Norma | B5: Ada aturan dan norma tidak tertulis | C5: Ada aturan dan norma tertulis, tidak dilaksanakan | D5: Ada aturan dan norma tertulis, dilaksanakan | E5: Ada aturan dan norma tertulis, dilaksanakan, ada sanksi
A6: Administrasi Rutin | B6: Administrasi pembukuan sederhana : 5 Buku (Buku Anggota, Buku Tamu, Buku Kegiatan, Daftar Hadir, Buku Kas) | C6: Administrasi pembukuan lebih lengkap : 7 Buku (Buku Anggota, Buku Tamu, Buku Kegiatan, Daftar Hadir, Notulen, Buku Kas, Buku Iuran) | D6: Administrasi pembukuan lebih lengkap dan terisi dengan tertib meliputi : 8 Buku (Buku Anggota, Buku Tamu, Buku Kegiatan, Daftar Hadir, Notulen, Buku Kas, Buku Iuran, Buku Inventaris) | E6: Administrasi pembukuan lebih lengkap dan terisi dengan tertib meliputi : 9 Buku (Buku Anggota, Buku Tamu, Buku Kegiatan, Daftar Hadir, Notulen, Buku Kas, Buku Iuran, Buku Inventaris dan Buku Rencana Kegiatan)
A7: Pertemuan Rutin | B7: Pertemuan tidak rutin, pertemuan jika ada Program/masalah saja, kehadiran anggota < 50%, materi utama teknis budidaya, setiap pertemuan belum tentu ada notulensi | C7: Pertemuan rutin setiap bulan/selapanan, rata-rata kehadiran anggota > 50% anggota, materi usaha hulu-hilir, setiap pertemuan belum tentu ada notulen | D7: Pertemuan rutin setiap bulan/selapanan, rata-rata kehadiran anggota > 75% anggota, materi usaha hulu-hilir, setiap pertemuan belum ada notulen | E7: Melaksanakan pertemuan setiap 2 minggu sekali, Rata-rata kehadiran > 75% anggota, materi usaha hulu-hilir, setiap pertemuen
A8: Pelaksanaan Belajar | B8: Melaksanakan belajar | C8: Melaksanakan belajar dengan melibatkan unsur dari dalam poktan | D8: Melaksanakan belajar dengan melibatkan unsur dari dalam poktan dan petani/poktan lain | E8: Melaksanakan belajar dengan melibatkan unsur dari dalampoktan, petani/poktan lain, lembaga/instansi lain
A9: Melaksanakan usaha | B9: Melaksanakan usaha untuk pemenuhan kebutuhan sendiri | C9: Melaksanakan usaha bersama kelompok yang berorientasi pasar | D9: Melaksanakan usaha bersama kelompok yang berorientasi pasar, terintegrasi dan sudah menjalin kerjasama/jejaring usaha (bukan bantuan/program) | E9: Melaksanakan usaha bersama kelompok berorientasi pasar, menerapkan Sistem Pertanian Terpadu (SPT) yang berwawasan lingkungan, dan sudah bermitra (MoU) (bukan bantuan/program)
A10: Pemupukan modal | B10: Ada pemupukan modal usaha dari anggota | C10: Ada pemupukan modal dari anggota dan penyisihan hasil usaha kelompok | D10: Ada pemupukan modal dari anggota, penyisihan hasil usaha kelompok dan dari lembaga keuangan | E10: Ada pemupukan modal dari anggota, penyisihan hasil usaha kelompok, lembaga keuangan dan mitra usaha
A11: Pelayanan informasi dan teknologi | B11: Pelayanan informasi dan teknologi bersumber dari lingkup poktan dan penyuluh untuk anggota | C11: Pelayanan informasi dan teknologi bersumber dari berbagai sumber untuk anggota | D11: Pelayanan informasi dan teknologi bersumber dari berbagai sumber berbasis IT untuk anggota | E11: Pelayanan informasi dan teknologi bersumber dari berbagai sumber berbasis IT untuk anggota dan masyarakat tani
A12: Evaluasi usaha kelompok | B12: Melakukan evaluasi perencanaan dan pelaksanaan usaha tidak tertulis | C12: Melakukan evaluasi perencanaan dan pelaksanaan usaha secara tertulis melibatkan unsur dari dalam kelompok | D12: Melakukan evaluasi perencanaan dan pelaksanaan usaha secara tertulis melibatkan unsur dari dalam poktan dan petani/poktan lain | E12: Melakukan evaluasi perencanaan dan pelaksanaan usaha secara tertulis melibatkan unsur dari dalam poktan dan petani/poktan lain, lembaga/instansi lain
A13: Pengembangan kapasitas dan pengkaderan pengurus | B13: Ada pengembangan kapasitas SDM | C13: Sudah dilakukan penyiapan calon pengganti pengurus | D13: Sudah dilakukan pemilihan dan pergantian pengurus dengan periode waktu tertentu | E13: Sudah dilakukan pergantian pengurus yang memiliki kemampuan manajerial, agribisnis, kewirausahaan

Sheet Nama Poktan2
B2: Kecamatan | C2: : | D2: Bandar
B4: Desa | C4: : | D4: Desa Bangunsari (Bandar)
B6: Nama Poktan | C6: : | D6: KWT Ngudi Rejeki Lancar
B10: Nama Ketua Poktan | D10: ….........................................
B11: Nama Sekretaris Poktan | D11: ….........................................
B12: Nama Bendahara Poktan | D12: ….........................................
B13: Tahun Pendirian Poktan | D13: ….........................................
B14: Jumlah Anggota Laki-laki | D14: ….........................................
B15: Jumlah Anggota Perempuan | D15: ….........................................
B16: Komoditas Unggulan | C16: 1 | D16: …......................................... | F16: Luas/Ekor | G16: …........................
C17: 2 | D17: …......................................... | F17: Luas/Ekor | G17: …........................
C18: 3 | D18: …......................................... | F18: Luas/Ekor | G18: …........................
C19: 4 | D19: …......................................... | F19: Luas/Ekor | G19: …........................
C20: 5 | D20: …......................................... | F20: Luas/Ekor | G20: …........................
B24: RIWAYAT PENILAIAN KELOMPOK TANI
B27: Kelas Kelompok Lama | C27: : | D27: Lanjut
B29: Nilai Kelas Kelompok Lama | C29: : | D29: 300 | E29: =IF(AND(D27="PEMULA",D29<=245),"",IF(AND(D27="LANJUT",D29>=246,D29<=455),"",IF(AND(D27="MADYA",D29>=456,D29<=700),"",IF(AND(D27="UTAMA",D29>700),"","Nilai Salah, harap sesuaikan dengan pedoman"))))
B33: PENILAIAN KELOMPOK TANI
B35: ASPEK PENILAIAN | C35: INDIKATOR | F35: RANGE NILAI | G35: NILAI LAMA | H35: NILAI BARU
B37: Kemampuan Merencanakan | C37: 1 | D37: Rencana Belajar | E37: =IF($D$27="Pemula",'Data Kriteria Indikator'!B2,IF($D$27="Lanjut",'Data Kriteria Indikator'!C2,IF($D$27="Madya",'Data Kriteria Indikator'!D2,IF($D$27="Utama",'Data Kriteria Indikator'!E2)))) -> Ada rencana belajar tertulis, melibatkan unsur dalam poktan | F37: =IF($D$27="Pemula","0-15",IF($D$27="Lanjut","15-25",IF($D$27="Madya","26-35","36-50"))) -> 15-25
C39: 2 | D39: Rencana Usaha | E39: =IF($D$27="Pemula",'Data Kriteria Indikator'!B3,IF($D$27="Lanjut",'Data Kriteria Indikator'!C3,IF($D$27="Madya",'Data Kriteria Indikator'!D3,IF($D$27="Utama",'Data Kriteria Indikator'!E3)))) -> Ada rencana usaha tertulis, berorientasi pasar | F39: =IF($D$27="Pemula","0-50",IF($D$27="Lanjut","51-75",IF($D$27="Madya","76-100","101-150"))) -> 51-75
B41: Kemampuan Mengorganisasikan | C41: 1 | D41: Struktur Organisasi | E41: =IF($D$27="Pemula",'Data Kriteria Indikator'!B4,IF($D$27="Lanjut",'Data Kriteria Indikator'!C4,IF($D$27="Madya",'Data Kriteria Indikator'!D4,IF($D$27="Utama",'Data Kriteria Indikator'!E4)))) -> Kompleks (Ketua, Sekretaris, Bendahara dan Seksi-seksi) | F41: =IF($D$27="Pemula","0-10",IF($D$27="Lanjut","11-15",IF($D$27="Madya","16-20","21-25"))) -> 11-15
C43: 2 | D43: Aturan dan Norma | E43: =IF($D$27="Pemula",'Data Kriteria Indikator'!B5,IF($D$27="Lanjut",'Data Kriteria Indikator'!C5,IF($D$27="Madya",'Data Kriteria Indikator'!D5,IF($D$27="Utama",'Data Kriteria Indikator'!E5)))) -> Ada aturan dan norma tertulis, tidak dilaksanakan | F43: =IF($D$27="Pemula","0-10",IF($D$27="Lanjut","11-15",IF($D$27="Madya","16-20","21-25"))) -> 11-15
C45: 3 | D45: Administrasi Rutin | E45: =IF($D$27="Pemula",'Data Kriteria Indikator'!B6,IF($D$27="Lanjut",'Data Kriteria Indikator'!C6,IF($D$27="Madya",'Data Kriteria Indikator'!D6,IF($D$27="Utama",'Data Kriteria Indikator'!E6)))) -> Administrasi pembukuan lebih lengkap : 7 Buku (Buku Anggota, Buku Tamu, Buku Kegiatan, Daftar Hadir, Notulen, Buku Kas, Buku Iuran) | F45: =IF($D$27="Pemula","0-25",IF($D$27="Lanjut","26-50",IF($D$27="Madya","51-75","76-100"))) -> 26-50
B47: Kemampuan Melaksanakan Kegiatan | C47: 1 | D47: Pertemuan Rutin | E47: =IF($D$27="Pemula",'Data Kriteria Indikator'!B7,IF($D$27="Lanjut",'Data Kriteria Indikator'!C7,IF($D$27="Madya",'Data Kriteria Indikator'!D7,IF($D$27="Utama",'Data Kriteria Indikator'!E7)))) -> Pertemuan rutin setiap bulan/selapanan, rata-rata kehadiran anggota > 50% anggota, materi usaha hulu-hilir, setiap pertemuan belum tentu ada notulen | F47: =IF($D$27="Pemula","0-10",IF($D$27="Lanjut","11-15",IF($D$27="Madya","21-30","31-40"))) -> 11-15
C49: 2 | D49: Pelaksanaan Belajar | E49: =IF($D$27="Pemula",'Data Kriteria Indikator'!B8,IF($D$27="Lanjut",'Data Kriteria Indikator'!C8,IF($D$27="Madya",'Data Kriteria Indikator'!D8,IF($D$27="Utama",'Data Kriteria Indikator'!E8)))) -> Melaksanakan belajar dengan melibatkan unsur dari dalam poktan | F49: =IF($D$27="Pemula","0-15",IF($D$27="Lanjut","16-25",IF($D$27="Madya","26-35","36-50"))) -> 16-25
C51: 3 | D51: Melaksanakan usaha | E51: =IF($D$27="Pemula",'Data Kriteria Indikator'!B9,IF($D$27="Lanjut",'Data Kriteria Indikator'!C9,IF($D$27="Madya",'Data Kriteria Indikator'!D9,IF($D$27="Utama",'Data Kriteria Indikator'!E9)))) -> Melaksanakan usaha bersama kelompok yang berorientasi pasar | F51: =IF($D$27="Pemula","0-50",IF($D$27="Lanjut","51-100",IF($D$27="Madya","101-150","151-200"))) -> 51-100
C53: 4 | D53: Pemupukan modal | E53: =IF($D$27="Pemula",'Data Kriteria Indikator'!B10,IF($D$27="Lanjut",'Data Kriteria Indikator'!C10,IF($D$27="Madya",'Data Kriteria Indikator'!D10,IF($D$27="Utama",'Data Kriteria Indikator'!E10)))) -> Ada pemupukan modal dari anggota dan penyisihan hasil usaha kelompok | F53: =IF($D$27="Pemula","0-10",IF($D$27="Lanjut","11-20",IF($D$27="Madya","26-35","31-50"))) -> 11-20
C55: 5 | D55: Pelayanan informasi dan teknologi | E55: =IF($D$27="Pemula",'Data Kriteria Indikator'!B11,IF($D$27="Lanjut",'Data Kriteria Indikator'!C11,IF($D$27="Madya",'Data Kriteria Indikator'!D11,IF($D$27="Utama",'Data Kriteria Indikator'!E11)))) -> Pelayanan informasi dan teknologi bersumber dari berbagai sumber untuk anggota | F55: =IF($D$27="Pemula","0-10",IF($D$27="Lanjut","11-20",IF($D$27="Madya","21-45","46-60"))) -> 11-20
B57: Kemampuan melakukan pengendalian dan pelaporan | C57: 1 | D57: Evaluasi usaha kelompok | E57: =IF($D$27="Pemula",'Data Kriteria Indikator'!B12,IF($D$27="Lanjut",'Data Kriteria Indikator'!C12,IF($D$27="Madya",'Data Kriteria Indikator'!D12,IF($D$27="Utama",'Data Kriteria Indikator'!E12)))) -> Melakukan evaluasi perencanaan dan pelaksanaan usaha secara tertulis melibatkan unsur dari dalam kelompok | F57: =IF($D$27="Pemula","0-10",IF($D$27="Lanjut","11-40",IF($D$27="Madya","41-80","81-100"))) -> 11-40
B59: Kemampuan mengembangkan kepemimpinan kelompok tani | C59: 1 | D59: Pengembangan kapasitas dan pengkaderan pengurus | E59: =IF($D$27="Pemula",'Data Kriteria Indikator'!B13,IF($D$27="Lanjut",'Data Kriteria Indikator'!C13,IF($D$27="Madya",'Data Kriteria Indikator'!D13,IF($D$27="Utama",'Data Kriteria Indikator'!E13)))) -> Sudah dilakukan penyiapan calon pengganti pengurus | F59: =IF($D$27="Pemula","0-30",IF($D$27="Lanjut","31-50",IF($D$27="Madya","51-80","80-150"))) -> 31-50
B61: CAPAIAN NILAI KELAS KELOMPOK | G61: =SUM(G59,G57,G55,G53,G51,G49,G47,G45,G43,G41,G39,G37) -> 0 | H61: =SUM(H59,H57,H55,H53,H51,H49,H47,H45,H43,H41,H39,H37) -> 0

Sheet Sheet1
A1: NO. | B1: Kecamatan | C1: Desa | D1: Dusun | E1: Nama Kelompok Tani | F1: Tahun Berdiri | G1: Anggota Laki-laki | H1: Anggota Perempuan | I1: Jumlah Anggota | J1: Komoditas Unggulan | K1: Jml/ Vol/Luas | L1: Ketua Kelompok | M1: Sekretaris Kelompok | N1: Bendahara Kelompok | O1: Jumlah Skor Lama | P1: Skor I | Q1: Skor II | R1: Skor III | S1: Skor IV | T1: Skor V | U1: JML Skor Baru | V1: Kelas Kelompok Tani Baru
A2: 1 | B2: Kebonagung | C2: Desa Karanganyar | D2: Sumber | E2: Gotong Royong 1 | F2: 1998 | G2: 33 | H2: 2 | I2: 35 | J2: Padi | K2: 2 | L2: Bibit | M2: Miskinem | N2: Bogini | O2: 501 | P2: 125 | Q2: 80 | R2: 151 | S2: 80 | T2: 70 | U2: =SUM(P2:T2) -> 506 | V2: =IF(U2<=245,"PEMULA",IF(U2<=455,"LANJUT",IF(U2<=700,"MADYA","UTAMA"))) -> MADYA
A3: 2 | B3: Kebonagung | C3: Desa Karanganyar | D3: Pakel | E3: Gotong Royong 2 | F3: 1998 | G3: 20 | H3: 10 | I3: 30 | J3: Padi | K3: 3 | L3: Heriyanto | M3: Rahmanudin | N3: Mujiah | O3: 465 | P3: 100 | Q3: 80 | R3: 185 | S3: 55 | T3: 50 | U3: =SUM(P3:T3) -> 470 | V3: =IF(U3<=245,"PEMULA",IF(U3<=455,"LANJUT",IF(U3<=700,"MADYA","UTAMA"))) -> MADYA
A4: 3 | B4: Kebonagung | C4: Desa Karanganyar | D4: Krajan | E4: Gotong Royong 3 | F4: 1998 | G4: 54 | H4: 8 | I4: 62 | J4: Padi | K4: 7 | L4: Bibit Misno | M4: Agus Prayitno | N4: Ekawati | O4: 505 | P4: 125 | Q4: 100 | R4: 135 | S4: 80 | T4: 65 | U4: =SUM(P4:T4) -> 505 | V4: =IF(U4<=245,"PEMULA",IF(U4<=455,"LANJUT",IF(U4<=700,"MADYA","UTAMA"))) -> MADYA
A5: 4 | B5: Kebonagung | C5: Desa Karanganyar | D5: Kebon | E5: Gotong Royong 4 | F5: 1998 | G5: 17 | H5: 6 | I5: 23 | J5: Padi | K5: 6 | L5: Eru Wibowo | M5: Tri Yunianto | N5: Yoni Rudianto | O5: 590 | P5: 125 | Q5: 110 | R5: 190 | S5: 80 | T5: 85 | U5: =SUM(P5:T5) -> 590 | V5: =IF(U5<=245,"PEMULA",IF(U5<=455,"LANJUT",IF(U5<=700,"MADYA","UTAMA"))) -> MADYA
A6: 5 | B6: Kebonagung | C6: Desa Karanganyar | D6: Jurugan | E6: Gotong Royong 5 | F6: 1998 | G6: 21 | H6: 7 | I6: 28 | J6: Padi | K6: 5 | L6: Aries Cahyono | M6: Suryani | N6: Misnatun | O6: 481 | P6: 95 | Q6: 100 | R6: 131 | S6: 80 | T6: 80 | U6: =SUM(P6:T6) -> 486 | V6: =IF(U6<=245,"PEMULA",IF(U6<=455,"LANJUT",IF(U6<=700,"MADYA","UTAMA"))) -> MADYA
A7: 6 | B7: Kebonagung | C7: Desa Karanganyar | D7: Waru | E7: Gotong Royong 6 | F7: 1998 | G7: 49 | H7: 2 | I7: 51 | J7: Padi | K7: 5 | L7: Sunarto | M7: Anik Lestari | N7: Sri Narti | O7: 645 | P7: 130 | Q7: 110 | R7: 240 | S7: 80 | T7: 85 | U7: =SUM(P7:T7) -> 645 | V7: =IF(U7<=245,"PEMULA",IF(U7<=455,"LANJUT",IF(U7<=700,"MADYA","UTAMA"))) -> MADYA
A8: 7 | B8: Kebonagung | C8: Desa Karanganyar | D8: Banar | E8: Gotong Royong 7 | F8: 1998 | G8: 79 | H8: 9 | I8: 88 | J8: Padi | K8: 9 | L8: Agus Triono | M8: Tugiyono | N8: Slamet | O8: 525 | P8: 125 | Q8: 110 | R8: 150 | S8: 80 | T8: 65 | U8: =SUM(P8:T8) -> 530 | V8: =IF(U8<=245,"PEMULA",IF(U8<=455,"LANJUT",IF(U8<=700,"MADYA","UTAMA"))) -> MADYA
A9: 8 | B9: Kebonagung | C9: Desa Karanganyar | D9: Salam | E9: Gotong Royong 8 | F9: 1998 | G9: 53 | H9: 2 | I9: 55 | J9: Padi | K9: 8 | L9: Agus Rudianto | M9: Riyatin | N9: Sugiyanto | O9: 570 | P9: 135 | Q9: 100 | R9: 175 | S9: 80 | T9: 85 | U9: =SUM(P9:T9) -> 575 | V9: =IF(U9<=245,"PEMULA",IF(U9<=455,"LANJUT",IF(U9<=700,"MADYA","UTAMA"))) -> MADYA
A10: 9 | B10: Kebonagung | C10: Desa Karanganyar | D10: Pakis | E10: Gotong Royong 9 | F10: 2006 | G10: 24 | H10: 8 | I10: 32 | J10: Padi | K10: 7 | L10: Pawit | M10: Tukidi | N10: Sukatno | O10: 575 | P10: 130 | Q10: 110 | R10: 170 | S10: 80 | T10: 85 | U10: =SUM(P10:T10) -> 575 | V10: =IF(U10<=245,"PEMULA",IF(U10<=455,"LANJUT",IF(U10<=700,"MADYA","UTAMA"))) -> MADYA
A11: 10 | B11: Kebonagung | C11: Desa Karanganyar | D11: Waru | E11: KWT Sumber Makmur | F11: 2013 | G11: 0 | H11: 52 | I11: 52 | L11: SUWARTINI | O11: 464 | P11: 104 | Q11: 83 | R11: 201 | S11: 42 | T11: 51 | U11: 481 | V11: MADYA
A12: 11 | B12: Kebonagung | C12: Desa Purwoasri | D12: Sooka | E12: Sumber Asri 1 | F12: 2007 | G12: 71 | H12: 12 | I12: 83 | J12: Padi | K12: 3 | L12: Suprapto | M12: Pujiono | N12: Budi H. | O12: 385 | P12: 90 | Q12: 70 | R12: 125 | S12: 50 | T12: 55 | U12: =SUM(P12:T12) -> 390 | V12: =IF(U12<=245,"PEMULA",IF(U12<=455,"LANJUT",IF(U12<=700,"MADYA","UTAMA"))) -> LANJUT
A13: 12 | B13: Kebonagung | C13: Desa Purwoasri | D13: Jati | E13: Sumber Asri 2 | F13: 2007 | G13: 42 | H13: 3 | I13: 45 | J13: Padi | K13: 7 | L13: Windi | M13: Winarno | N13: Kabul | O13: 380 | P13: 85 | Q13: 80 | R13: 110 | S13: 50 | T13: 60 | U13: =SUM(P13:T13) -> 385 | V13: =IF(U13<=245,"PEMULA",IF(U13<=455,"LANJUT",IF(U13<=700,"MADYA","UTAMA"))) -> LANJUT
A14: 13 | B14: Kebonagung | C14: Desa Purwoasri | D14: Purwoasri | E14: Sumber Asri 3 | F14: 2007 | G14: 63 | H14: 3 | I14: 66 | J14: Padi | K14: 5 | L14: Hari Setyo Nugroho | M14: Rizal Dediharmunis | N14: Suwarno | O14: 665 | P14: 135 | Q14: 115 | R14: 250 | S14: 80 | T14: 85 | U14: =SUM(P14:T14) -> 665 | V14: =IF(U14<=245,"PEMULA",IF(U14<=455,"LANJUT",IF(U14<=700,"MADYA","UTAMA"))) -> MADYA
A15: 14 | B15: Kebonagung | C15: Desa Purwoasri | D15: Padi | E15: Sumber Asri 4 | F15: 2007 | G15: 72 | H15: - | I15: 72 | J15: Padi | K15: 8 | L15: Setiawan | M15: Tri Sinangjono | N15: Sunarto | O15: 475 | P15: 105 | Q15: 95 | R15: 120 | S15: 75 | T15: 80 | U15: =SUM(P15:T15) -> 475 | V15: =IF(U15<=245,"PEMULA",IF(U15<=455,"LANJUT",IF(U15<=700,"MADYA","UTAMA"))) -> MADYA
A16: 15 | B16: Kebonagung | C16: Desa Purwoasri | D16: Gunung Cilik | E16: Sumber Asri 5 | F16: 2007 | G16: 45 | H16: 1 | I16: 46 | J16: Padi | K16: 7 | L16: Winarto | M16: Sutopo | N16: Santoso | O16: 530 | P16: 115 | Q16: 115 | R16: 130 | S16: 85 | T16: 85 | U16: =SUM(P16:T16) -> 530 | V16: =IF(U16<=245,"PEMULA",IF(U16<=455,"LANJUT",IF(U16<=700,"MADYA","UTAMA"))) -> MADYA
A17: 16 | B17: Kebonagung | C17: Desa Purwoasri | D17: Wetih | E17: Sumber Asri 6 | F17: 2007 | G17: 45 | H17: 1 | I17: 46 | J17: Padi | K17: 6 | L17: Suwito | M17: Sutarmin | N17: Zaenudin | O17: 600 | P17: 130 | Q17: 120 | R17: 190 | S17: 80 | T17: 85 | U17: =SUM(P17:T17) -> 605 | V17: =IF(U17<=245,"PEMULA",IF(U17<=455,"LANJUT",IF(U17<=700,"MADYA","UTAMA"))) -> MADYA
A18: 17 | B18: Kebonagung | C18: Desa Purwoasri | D18: Sampang | E18: Sumber Asri 7 | F18: 2007 | G18: 51 | H18: 8 | I18: 59 | J18: Padi | K18: 6 | L18: Tumardi | M18: Kusni | N18: Pawit | O18: 480 | P18: 115 | Q18: 80 | R18: 130 | S18: 75 | T18: 85 | U18: =SUM(P18:T18) -> 485 | V18: =IF(U18<=245,"PEMULA",IF(U18<=455,"LANJUT",IF(U18<=700,"MADYA","UTAMA"))) -> MADYA
A19: 18 | B19: Kebonagung | C19: Desa Wonogondo | D19: Krajan | E19: Sido Rejo 1 | F19: 2007 | G19: 49 | H19: 6 | I19: 55 | J19: Padi | K19: 12 | L19: Misdiyanto | M19: Suyono | N19: Miswadi | O19: 471 | P19: 70 | Q19: 70 | R19: 145 | S19: 95 | T19: 96 | U19: =SUM(P19:T19) -> 476 | V19: =IF(U19<=245,"PEMULA",IF(U19<=455,"LANJUT",IF(U19<=700,"MADYA","UTAMA"))) -> MADYA
A20: 19 | B20: Kebonagung | C20: Desa Wonogondo | D20: Kedungdowo | E20: Sido Rejo 2 | F20: 2007 | G20: 56 | H20: 6 | I20: 62 | J20: Padi | K20: 5 | L20: Suprapti | M20: Suyatno | N20: Bejan | O20: 390 | P20: 70 | Q20: 67 | R20: 113 | S20: 70 | T20: 75 | U20: =SUM(P20:T20) -> 395 | V20: =IF(U20<=245,"PEMULA",IF(U20<=455,"LANJUT",IF(U20<=700,"MADYA","UTAMA"))) -> LANJUT
A21: 20 | B21: Kebonagung | C21: Desa Wonogondo | D21: Pakis | E21: Sido Rejo 3 | F21: 2007 | G21: 67 | H21: 1 | I21: 68 | J21: Padi | K21: 6 | L21: Syahri | M21: Misranto | N21: Tumin | O21: 450 | P21: 80 | Q21: 75 | R21: 125 | S21: 70 | T21: 105 | U21: =SUM(P21:T21) -> 455 | V21: =IF(U21<=245,"PEMULA",IF(U21<=455,"LANJUT",IF(U21<=700,"MADYA","UTAMA"))) -> LANJUT
A22: 21 | B22: Kebonagung | C22: Desa Wonogondo | D22: Jaten | E22: Sido Rejo 4 | F22: 2007 | G22: 30 | H22: 1 | I22: 31 | J22: Padi | K22: 11 | L22: Triyono | M22: Tri Sutrisno | N22: Kurnia P | O22: 425 | P22: 80 | Q22: 75 | R22: 110 | S22: 70 | T22: 95 | U22: =SUM(P22:T22) -> 430 | V22: =IF(U22<=245,"PEMULA",IF(U22<=455,"LANJUT",IF(U22<=700,"MADYA","UTAMA"))) -> LANJUT
A23: 22 | B23: Kebonagung | C23: Desa Wonogondo | D23: Pagotan | E23: Sido Rejo 5 | F23: 2007 | G23: 50 | H23: 6 | I23: 56 | J23: Padi | K23: 9 | L23: Yoni | M23: Boniran | N23: Suwiji | O23: 400 | P23: 80 | Q23: 75 | R23: 90 | S23: 70 | T23: 85 | U23: =SUM(P23:T23) -> 400 | V23: =IF(U23<=245,"PEMULA",IF(U23<=455,"LANJUT",IF(U23<=700,"MADYA","UTAMA"))) -> LANJUT
A24: 23 | B24: Kebonagung | C24: Desa Gembuk | D24: Krajan | E24: Tri Karsa 1 | F24: 1994 | G24: 86 | H24: 19 | I24: =H24+G24 -> 105 | J24: Padi | K24: 12 | L24: Suryadi | M24: Suyatno | N24: Sutarto | O24: 614 | P24: 134 | Q24: 115 | R24: 222 | S24: 80 | T24: 80 | U24: =SUM(P24:T24) -> 631 | V24: =IF(U24<=245,"PEMULA",IF(U24<=455,"LANJUT",IF(U24<=700,"MADYA","UTAMA"))) -> MADYA
A25: 24 | B25: Kebonagung | C25: Desa Gembuk | D25: Tawang | E25: Tri Karsa 2 | F25: 1994 | G25: 63 | H25: 11 | I25: =H25+G25 -> 74 | J25: Padi | K25: 20 | L25: Sudirman | M25: Sugeng | N25: Tafsir | O25: 732 | P25: 150 | Q25: 130 | R25: 306 | S25: 81 | T25: 85 | U25: =SUM(P25:T25) -> 752 | V25: =IF(U25<=245,"PEMULA",IF(U25<=455,"LANJUT",IF(U25<=700,"MADYA","UTAMA"))) -> UTAMA
A26: 25 | B26: Kebonagung | C26: Desa Gembuk | D26: Ngelo | E26: Tri Karsa 3 | F26: 1994 | G26: 78 | H26: 17 | I26: =H26+G26 -> 95 | J26: Padi | K26: 17 | L26: Tumadi | M26: Agus Riyono | N26: Meseri | O26: 624 | P26: 135 | Q26: 115 | R26: 217 | S26: 80 | T26: 78 | U26: =SUM(P26:T26) -> 625 | V26: =IF(U26<=245,"PEMULA",IF(U26<=455,"LANJUT",IF(U26<=700,"MADYA","UTAMA"))) -> MADYA
A27: 26 | B27: Kebonagung | C27: Desa Gembuk | D27: Sonorejo | E27: Tri Karsa 4 | F27: 1994 | G27: 69 | H27: 17 | I27: =H27+G27 -> 86 | J27: Padi | K27: 17 | L27: Jumangat | M27: Fuji A | N27: Suryadi | O27: 618 | P27: 135 | Q27: 106 | R27: 226 | S27: 80 | T27: 80 | U27: =SUM(P27:T27) -> 627 | V27: =IF(U27<=245,"PEMULA",IF(U27<=455,"LANJUT",IF(U27<=700,"MADYA","UTAMA"))) -> MADYA
A28: 27 | B28: Kebonagung | C28: Desa Gembuk | D28: Sriten | E28: Tri Karsa 5 | F28: 1994 | G28: 51 | H28: 15 | I28: =H28+G28 -> 66 | J28: Padi | K28: 12 | L28: Gunarto | M28: Edi S | N28: Sunarto | O28: 620 | P28: 135 | Q28: 115 | R28: 216 | S28: 80 | T28: 80 | U28: =SUM(P28:T28) -> 626 | V28: =IF(U28<=245,"PEMULA",IF(U28<=455,"LANJUT",IF(U28<=700,"MADYA","UTAMA"))) -> MADYA
A29: 28 | B29: Kebonagung | C29: Desa Gembuk | D29: Salak | E29: Tri Karsa 6 | F29: 1994 | G29: 27 | H29: 8 | I29: =H29+G29 -> 35 | J29: Padi | K29: 10 | L29: Didik G | M29: Sularno | N29: Runanto | O29: 590 | P29: 105 | Q29: 115 | R29: 247 | S29: 80 | T29: 80 | U29: =SUM(P29:T29) -> 627 | V29: =IF(U29<=245,"PEMULA",IF(U29<=455,"LANJUT",IF(U29<=700,"MADYA","UTAMA"))) -> MADYA
A30: 29 | B30: Kebonagung | C30: Desa Gembuk | D30: Mando | E30: Tri Karsa 7 | F30: 1994 | G30: 82 | H30: 13 | I30: =H30+G30 -> 95 | J30: Padi | K30: 13 | L30: Marjuki | M30: Budiono | N30: Misgiran | O30: 613 | P30: 133 | Q30: 115 | R30: 208 | S30: 80 | T30: 80 | U30: =SUM(P30:T30) -> 616 | V30: =IF(U30<=245,"PEMULA",IF(U30<=455,"LANJUT",IF(U30<=700,"MADYA","UTAMA"))) -> MADYA
A31: 30 | B31: Kebonagung | C31: Desa Gembuk | D31: Ngelo | E31: Tri Karsa 8 | F31: 2008 | G31: 80 | H31: 46 | I31: =H31+G31 -> 126 | J31: Padi | K31: 7 | L31: Sunanto | M31: Tjipto N | N31: Kusno | O31: 524 | P31: 100 | Q31: 115 | R31: 210 | S31: 80 | T31: 80 | U31: =SUM(P31:T31) -> 585 | V31: =IF(U31<=245,"PEMULA",IF(U31<=455,"LANJUT",IF(U31<=700,"MADYA","UTAMA"))) -> MADYA
A32: 31 | B32: Kebonagung | C32: Desa Gembuk | D32: Salak | E32: Tri Karsa 9 | F32: 2010 | G32: 60 | H32: 16 | I32: =H32+G32 -> 76 | J32: Padi | K32: 7 | L32: Sukatno | M32: Sutikno | N32: Marni | O32: 515 | P32: 133 | Q32: 115 | R32: 201 | S32: 45 | T32: 77 | U32: =SUM(P32:T32) -> 571 | V32: =IF(U32<=245,"PEMULA",IF(U32<=455,"LANJUT",IF(U32<=700,"MADYA","UTAMA"))) -> MADYA
A33: 32 | B33: Kebonagung | C33: Desa Gembuk | D33: Sriten | E33: Tri Karsa 10 | F33: 2015 | G33: 26 | H33: 3 | I33: =H33+G33 -> 29 | J33: Padi | K33: 10 | L33: Bomin | M33: Marsimin | N33: Nanang Y | O33: 514 | P33: 132 | Q33: 115 | R33: 185 | S33: 40 | T33: 77 | U33: =SUM(P33:T33) -> 549 | V33: =IF(U33<=245,"PEMULA",IF(U33<=455,"LANJUT",IF(U33<=700,"MADYA","UTAMA"))) -> MADYA
A34: 33 | B34: Kebonagung | C34: Desa Gembuk | D34: Sriten | E34: Tri Karsa 11 | F34: 2006 | G34: 52 | H34: 8 | I34: =H34+G34 -> 60 | J34: Padi | K34: 6 | L34: Tukiran | M34: Surdoyono | N34: Endra G | O34: 408 | P34: 100 | Q34: 115 | R34: 185 | S34: 40 | T34: 77 | U34: =SUM(P34:T34) -> 517 | V34: =IF(U34<=245,"PEMULA",IF(U34<=455,"LANJUT",IF(U34<=700,"MADYA","UTAMA"))) -> MADYA
A35: 34 | B35: Kebonagung | C35: Desa Gembuk | D35: Krajan | E35: Tunas Baru | F35: 2023 | G35: 17 | H35: 3 | I35: =H35+G35 -> 20 | J35: Padi | K35: 5 | L35: Sisno | M35: Heru P | N35: Ridwan A | O35: 0 | P35: 65 | Q35: 20 | R35: 160 | S35: 10 | T35: 10 | U35: =SUM(P35:T35) -> 265 | V35: =IF(U35<=245,"PEMULA",IF(U35<=455,"LANJUT",IF(U35<=700,"MADYA","UTAMA"))) -> LANJUT
... A47: 46 | B47: Kebonagung | C47: Desa Katipugal | D47: Kluwih | E47: Pratolo Mulyo 6 | F47: 2007 | G47: 68 | H47: 12 | I47: =H47+G47 -> 80 | J47: Padi | K47: 18.3 | L47: Heri Susanto | M47: Katenen | N47: Jukatni | O47: 584 | P47: 104 | Q47: 83 | R47: 249 | S47: 80 | T47: 83 | U47: =SUM(P47:T47) -> 599 | V47: =IF(U47<=245,"PEMULA",IF(U47<=455,"LANJUT",IF(U47<=700,"MADYA","UTAMA"))) -> MADYA
A48: 47 | B48: Kebonagung | C48: Desa Kebonagung | D48: Bolo | E48: Mentes 1 | F48: 1999 | G48: 39 | H48: 4 | I48: 43 | J48: Padi | K48: 5 | L48: Pudiyanto | M48: Im. Ansori | N48: Suratno | O48: 620 | P48: 125 | Q48: 90 | R48: 245 | S48: 80 | T48: 85 | U48: =SUM(P48:T48) -> 625 | V48: =IF(U48<=245,"PEMULA",IF(U48<=455,"LANJUT",IF(U48<=700,"MADYA","UTAMA"))) -> MADYA
A49: 48 | B49: Kebonagung | C49: Desa Kebonagung | D49: Salamrejo | E49: Mentes 2 | F49: 2006 | G49: 74 | H49: 7 | I49: 81 | J49: Padi | K49: 5 | L49: Bajuri | M49: Solikin | N49: Maryono | O49: 730 | P49: 190 | Q49: 110 | R49: 210 | S49: 110 | T49: 120 | U49: =SUM(P49:T49) -> 740 | V49: =IF(U49<=245,"PEMULA",IF(U49<=455,"LANJUT",IF(U49<=700,"MADYA","UTAMA"))) -> UTAMA
A50: 49 | B50: Kebonagung | C50: Desa Kebonagung | D50: Krajan | E50: Mentes 3 | F50: 2006 | G50: 23 | H50: 2 | I50: 25 | J50: Padi | K50: 7 | L50: Sutopo | M50: Sayid Hasim | N50: Windiarto | O50: 570 | P50: 100 | Q50: 90 | R50: 210 | S50: 90 | T50: 85 | U50: =SUM(P50:T50) -> 575 | V50: =IF(U50<=245,"PEMULA",IF(U50<=455,"LANJUT",IF(U50<=700,"MADYA","UTAMA"))) -> MADYA
A51: 50 | B51: Kebonagung | C51: Desa Ketepung | D51: Pule | E51: Sido Mekar 1 | F51: 2008 | G51: 102 | H51: 19 | I51: 121 | J51: Padi | K51: 12 | L51: Iswanto | M51: Andi | N51: Witono | O51: 511 | P51: 82 | Q51: 65 | R51: 160 | S51: 100 | T51: 110 | U51: =SUM(P51:T51) -> 517 | V51: =IF(U51<=245,"PEMULA",IF(U51<=455,"LANJUT",IF(U51<=700,"MADYA","UTAMA"))) -> MADYA
A52: 51 | B52: Kebonagung | C52: Desa Ketepung | D52: Krajan | E52: Sido Mekar 2 | F52: 2008 | G52: 72 | H52: 4 | I52: 76 | J52: Padi | K52: 30 | L52: Supriyadi | M52: Suratno | N52: Slamet A | O52: 540 | P52: 80 | Q52: 75 | R52: 180 | S52: 100 | T52: 110 | U52: =SUM(P52:T52) -> 545 | V52: =IF(U52<=245,"PEMULA",IF(U52<=455,"LANJUT",IF(U52<=700,"MADYA","UTAMA"))) -> MADYA
A53: 52 | B53: Kebonagung | C53: Desa Ketepung | D53: Pelem | E53: Sido Mekar 3 | F53: 2008 | G53: 93 | H53: 13 | I53: 106 | J53: Padi | K53: 29 | L53: Wiji Rahayu | M53: Atin | N53: Agus Triyono | O53: 526 | P53: 85 | Q53: 70 | R53: 172 | S53: 100 | T53: 109 | U53: =SUM(P53:T53) -> 536 | V53: =IF(U53<=245,"PEMULA",IF(U53<=455,"LANJUT",IF(U53<=700,"MADYA","UTAMA"))) -> MADYA
A54: 53 | B54: Kebonagung | C54: Desa Ketepung | D54: Sumber | E54: Sido Mekar 4 | F54: 2008 | G54: 39 | H54: 4 | I54: 43 | J54: Padi | K54: 10 | L54: Beni Istanto | M54: Sujarno | N54: Yahudi | O54: 492 | P54: 87 | Q54: 65 | R54: 150 | S54: 95 | T54: 105 | U54: =SUM(P54:T54) -> 502 | V54: =IF(U54<=245,"PEMULA",IF(U54<=455,"LANJUT",IF(U54<=700,"MADYA","UTAMA"))) -> MADYA
A55: 54 | B55: Kebonagung | C55: Desa Ketepung | D55: Tosono | E55: Sido Mekar 5 | F55: 2008 | G55: 130 | H55: 28 | I55: 158 | J55: Padi | K55: 30 | L55: Sumarno | M55: Tamrin | N55: Supriyadi | O55: 508 | P55: 80 | Q55: 65 | R55: 165 | S55: 99 | T55: 114 | U55: =SUM(P55:T55) -> 523 | V55: =IF(U55<=245,"PEMULA",IF(U55<=455,"LANJUT",IF(U55<=700,"MADYA","UTAMA"))) -> MADYA
A56: 55 | B56: Kebonagung | C56: Desa Ketepung | D56: Gombong | E56: Sido Mekar 6 | F56: 2008 | G56: 84 | H56: 7 | I56: 91 | J56: Padi | K56: 12 | L56: Boiman | M56: Misradi | N56: Jumangat | O56: 504 | P56: 85 | Q56: 70 | R56: 160 | S56: 95 | T56: 109 | U56: =SUM(P56:T56) -> 519 | V56: =IF(U56<=245,"PEMULA",IF(U56<=455,"LANJUT",IF(U56<=700,"MADYA","UTAMA"))) -> MADYA
A57: 56 | B57: Kebonagung | C57: Desa Ketepung | D57: Kasihan | E57: Sido Mekar 7 | F57: 2008 | G57: 74 | H57: 4 | I57: 78 | J57: Padi | K57: 15 | L57: Slamet R | M57: Sukatman | N57: Maryono | O57: 712 | P57: 135 | Q57: 120 | R57: 285 | S57: 87 | T57: 90 | U57: =SUM(P57:T57) -> 717 | V57: =IF(U57<=245,"PEMULA",IF(U57<=455,"LANJUT",IF(U57<=700,"MADYA","UTAMA"))) -> UTAMA
A58: 57 | B58: Kebonagung | C58: Desa Ketro | D58: Gawang | E58: Sido Maju 1 | F58: 2007 | G58: 64 | H58: 1 | I58: =SUM(G58:H58) -> 65 | J58: Padi | K58: 13 | L58: Agus Dwi Cahyono | M58: Basuki | N58: Eko Setiyono | O58: 711 | P58: 139 | Q58: 120 | R58: 299 | S58: 81 | T58: 80 | U58: =SUM(P58:T58) -> 719 | V58: =IF(U58<=245,"PEMULA",IF(U58<=455,"LANJUT",IF(U58<=700,"MADYA","UTAMA"))) -> UTAMA
A59: 58 | B59: Kebonagung | C59: Desa Ketro | D59: Nongko | E59: Sido Maju 2 | F59: 2007 | G59: 160 | H59: 37 | I59: =SUM(G59:H59) -> 197 | J59: Padi | K59: 30 | L59: Surno | M59: Sutini | N59: Khomsatun | O59: 550 | P59: 113 | Q59: 93 | R59: 233 | S59: 56 | T59: 63 | U59: =SUM(P59:T59) -> 558 | V59: =IF(U59<=245,"PEMULA",IF(U59<=455,"LANJUT",IF(U59<=700,"MADYA","UTAMA"))) -> MADYA
A60: 59 | B60: Kebonagung | C60: Desa Ketro | D60: Wonojoyo | E60: Sido Maju 3 | F60: 2007 | G60: 144 | H60: 25 | I60: =SUM(G60:H60) -> 169 | J60: Padi | K60: 25 | L60: Mujiadi | M60: Djuwari | N60: Maryoto | O60: 539 | P60: 112 | Q60: 95 | R60: 232 | S60: 45 | T60: 60 | U60: =SUM(P60:T60) -> 544 | V60: =IF(U60<=245,"PEMULA",IF(U60<=455,"LANJUT",IF(U60<=700,"MADYA","UTAMA"))) -> MADYA
A61: 60 | B61: Kebonagung | C61: Desa Ketro | D61: Krajan | E61: Sido Maju 4 | F61: 2007 | G61: 66 | H61: 10 | I61: =SUM(G61:H61) -> 76 | J61: Padi | K61: 16 | L61: Suyono | M61: Marhaidi | N61: Djarno | O61: 530 | P61: 110 | Q61: 90 | R61: 224 | S61: 46 | T61: 68 | U61: =SUM(P61:T61) -> 538 | V61: =IF(U61<=245,"PEMULA",IF(U61<=455,"LANJUT",IF(U61<=700,"MADYA","UTAMA"))) -> MADYA
A62: 61 | B62: Kebonagung | C62: Desa Ketro | D62: Klepu | E62: Sido Maju 5 | F62: 2007 | G62: 138 | H62: 25 | I62: =SUM(G62:H62) -> 163 | J62: Padi | K62: 28 | L62: Hadi Sujarwo | M62: Basuki | N62: Tumarno | O62: 516 | P62: 110 | Q62: 92 | R62: 225 | S62: 47 | T62: 54 | U62: =SUM(P62:T62) -> 528 | V62: =IF(U62<=245,"PEMULA",IF(U62<=455,"LANJUT",IF(U62<=700,"MADYA","UTAMA"))) -> MADYA
A63: 62 | B63: Kebonagung | C63: Desa Ketro | D63: Brengosan | E63: Sido Maju 6 | F63: 2007 | G63: 53 | H63: 4 | I63: =SUM(G63:H63) -> 57 | J63: Padi | K63: 11 | L63: Miswanto | M63: Katmuji | N63: Soginen | O63: 467 | P63: 105 | Q63: 84 | R63: 194 | S63: 42 | T63: 52 | U63: =SUM(P63:T63) -> 477 | V63: =IF(U63<=245,"PEMULA",IF(U63<=455,"LANJUT",IF(U63<=700,"MADYA","UTAMA"))) -> MADYA
A64: 63 | B64: Kebonagung | C64: Desa Ketro | D64: Jeruk | E64: Sido Maju 7 | F64: 2007 | G64: 64 | H64: 16 | I64: =SUM(G64:H64) -> 80 | J64: Padi | K64: 12 | L64: Piyatudin | M64: Sukatno | N64: Pardi | O64: 467 | P64: 108 | Q64: 87 | R64: 198 | S64: 41 | T64: 52 | U64: =SUM(P64:T64) -> 486 | V64: =IF(U64<=245,"PEMULA",IF(U64<=455,"LANJUT",IF(U64<=700,"MADYA","UTAMA"))) -> MADYA
A65: 64 | B65: Kebonagung | C65: Desa Ketro | D65: Wonojoyo | E65: Winasri | F65: 2023 | G65: 0 | H65: 35 | I65: =SUM(G65:H65) -> 35 | J65: Sayuran | K65: 1 | L65: Eny Widyastuti | M65: Risky Apriani | N65: Resti Rahayu | O65: 0 | P65: 13 | Q65: 6 | R65: 22 | S65: 2 | T65: 5 | U65: =SUM(P65:T65) -> 48 | V65: =IF(U65<=245,"PEMULA",IF(U65<=455,"LANJUT",IF(U65<=700,"MADYA","UTAMA"))) -> PEMULA
A66: 65 | B66: Kebonagung | C66: Desa Klesem | D66: Dadapan | E66: Sari Tani 1 | F66: 2007 | G66: 37 | H66: 3 | I66: =H66+G66 -> 40 | J66: Padi | K66: 10 | L66: Sunarto | M66: Suyono | N66: Siswanto | O66: 581 | P66: 120 | Q66: 96 | R66: 238 | S66: 60 | T66: 75 | U66: =SUM(P66:T66) -> 589 | V66: =IF(U66<=245,"PEMULA",IF(U66<=455,"LANJUT",IF(U66<=700,"MADYA","UTAMA"))) -> MADYA
A67: 66 | B67: Kebonagung | C67: Desa Klesem | D67: Krajan | E67: Sari Tani 2 | F67: 2007 | G67: 132 | H67: 8 | I67: =H67+G67 -> 140 | J67: Padi | K67: 18 | L67: Nurachmad | M67: Tugiyono | N67: Wiyarni | O67: 600 | P67: 122 | Q67: 98 | R67: 251 | S67: 58 | T67: 75 | U67: =SUM(P67:T67) -> 604 | V67: =IF(U67<=245,"PEMULA",IF(U67<=455,"LANJUT",IF(U67<=700,"MADYA","UTAMA"))) -> MADYA
A68: 67 | B68: Kebonagung | C68: Desa Klesem | D68: Ledok Lor | E68: Sari Tani 3 | F68: 2007 | G68: 44 | H68: 5 | I68: =H68+G68 -> 49 | J68: Padi | K68: 12 | L68: Sujarno | M68: Suripto | N68: Sukarno | O68: 549 | P68: 120 | Q68: 92 | R68: 210 | S68: 60 | T68: 75 | U68: =SUM(P68:T68) -> 557 | V68: =IF(U68<=245,"PEMULA",IF(U68<=455,"LANJUT",IF(U68<=700,"MADYA","UTAMA"))) -> MADYA
A69: 68 | B69: Kebonagung | C69: Desa Klesem | D69: Ledok Kidul | E69: Sari Tani 4 | F69: 2007 | G69: 23 | H69: 2 | I69: =H69+G69 -> 25 | J69: Padi | K69: 8 | L69: Jumarni | M69: Jujur T. | N69: Eko S. | O69: 394 | P69: 90 | Q69: 70 | R69: 156 | S69: 39 | T69: 42 | U69: =SUM(P69:T69) -> 397 | V69: =IF(U69<=245,"PEMULA",IF(U69<=455,"LANJUT",IF(U69<=700,"MADYA","UTAMA"))) -> LANJUT
A70: 69 | B70: Kebonagung | C70: Desa Klesem | D70: Salam | E70: Sari Tani 5 | F70: 2007 | G70: 79 | H70: 10 | I70: =H70+G70 -> 89 | J70: Padi | K70: 19 | L70: Muhammad Muhsin | M70: Sukemi | N70: Agus Eko Saputra | O70: 394 | P70: 90 | Q70: 70 | R70: 156 | S70: 39 | T70: 42 | U70: =SUM(P70:T70) -> 397 | V70: =IF(U70<=245,"PEMULA",IF(U70<=455,"LANJUT",IF(U70<=700,"MADYA","UTAMA"))) -> LANJUT
A71: 70 | B71: Kebonagung | C71: Desa Klesem | D71: Duren | E71: Sari Tani 6 | F71: 2007 | G71: 106 | H71: 13 | I71: =H71+G71 -> 119 | J71: Padi | K71: 16 | L71: Suprapto | M71: Jumiyat | N71: Nur Hasyim | O71: 554 | P71: 115 | Q71: 96 | R71: 230 | S71: 55 | T71: 60 | U71: =SUM(P71:T71) -> 556 | V71: =IF(U71<=245,"PEMULA",IF(U71<=455,"LANJUT",IF(U71<=700,"MADYA","UTAMA"))) -> MADYA
A72: 71 | B72: Kebonagung | C72: Desa Klesem | D72: Blimbing | E72: Sari Tani 7 | F72: 2007 | G72: 59 | H72: 5 | I72: =H72+G72 -> 64 | J72: Padi | K72: 14 | L72: Abu Nangin | M72: Sujito | N72: Gunawan | O72: 544 | P72: 114 | Q72: 96 | R72: 229 | S72: 53 | T72: 57 | U72: =SUM(P72:T72) -> 549 | V72: =IF(U72<=245,"PEMULA",IF(U72<=455,"LANJUT",IF(U72<=700,"MADYA","UTAMA"))) -> MADYA
A73: 72 | B73: Kebonagung | C73: Desa Klesem | D73: Tlogo | E73: Sari Tani 8 | F73: 2007 | G73: 86 | H73: 9 | I73: =H73+G73 -> 95 | J73: Padi | K73: 19 | L73: M Riyadi Rizal | M73: Moh Safi"I | N73: Agus Mustofa | O73: 536 | P73: 117 | Q73: 95 | R73: 218 | S73: 55 | T73: 54 | U73: =SUM(P73:T73) -> 539 | V73: =IF(U73<=245,"PEMULA",IF(U73<=455,"LANJUT",IF(U73<=700,"MADYA","UTAMA"))) -> MADYA
A74: 73 | B74: Kebonagung | C74: Desa Klesem | D74: Kendal | E74: Sari Tani 9 | F74: 2007 | G74: 102 | H74: 14 | I74: =H74+G74 -> 116 | J74: Padi | K74: 17 | L74: Sarno | M74: Muhajir | N74: Bogini | O74: 529 | P74: 117 | Q74: 95 | R74: 210 | S74: 52 | T74: 58 | U74: =SUM(P74:T74) -> 532 | V74: =IF(U74<=245,"PEMULA",IF(U74<=455,"LANJUT",IF(U74<=700,"MADYA","UTAMA"))) -> MADYA
A75: 74 | B75: Kebonagung | C75: Desa Punjung | D75: Krajan | E75: Ngudi Makmur 1 | F75: 2002 | G75: 46 | H75: 8 | I75: =SUM(G75:H75) -> 54 | J75: Padi | K75: 7 | L75: Ajar Widayat | M75: Suparwan | N75: Kateng | O75: 496 | P75: 110 | Q75: 85 | R75: 200 | S75: 56 | T75: 54 | U75: =SUM(P75:T75) -> 505 | V75: =IF(U75<=245,"PEMULA",IF(U75<=455,"LANJUT",IF(U75<=700,"MADYA","UTAMA"))) -> MADYA
A76: 75 | B76: Kebonagung | C76: Desa Punjung | D76: Blawong | E76: Ngudi Makmur 2 | F76: 2002 | G76: 29 | H76: 11 | I76: =SUM(G76:H76) -> 40 | J76: Padi | K76: 7 | L76: Eko Setiawan | M76: Gunanto | N76: Suprapti | O76: 475 | P76: 104 | Q76: 85 | R76: 197 | S76: 45 | T76: 54 | U76: =SUM(P76:T76) -> 485 | V76: =IF(U76<=245,"PEMULA",IF(U76<=455,"LANJUT",IF(U76<=700,"MADYA","UTAMA"))) -> MADYA
A77: 76 | B77: Kebonagung | C77: Desa Punjung | D77: Ngampungan | E77: Ngudi Makmur 3 | F77: 2002 | G77: 54 | H77: 9 | I77: =SUM(G77:H77) -> 63 | J77: Padi | K77: 7 | L77: Agus Supriyanto | M77: Soginen | N77: Bambang Setiawan | O77: 475 | P77: 105 | Q77: 86 | R77: 203 | S77: 46 | T77: 52 | U77: =SUM(P77:T77) -> 492 | V77: =IF(U77<=245,"PEMULA",IF(U77<=455,"LANJUT",IF(U77<=700,"MADYA","UTAMA"))) -> MADYA
A78: 77 | B78: Kebonagung | C78: Desa Punjung | D78: Ketro | E78: Ngudi Makmur 4 | F78: 2002 | G78: 65 | H78: 20 | I78: =SUM(G78:H78) -> 85 | J78: Padi | K78: 10 | L78: Suroso | M78: Hadi Suharyanto | N78: Sutarno | O78: 484 | P78: 106 | Q78: 88 | R78: 201 | S78: 47 | T78: 56 | U78: =SUM(P78:T78) -> 498 | V78: =IF(U78<=245,"PEMULA",IF(U78<=455,"LANJUT",IF(U78<=700,"MADYA","UTAMA"))) -> MADYA
A79: 78 | B79: Kebonagung | C79: Desa Punjung | D79: Mudal | E79: Ngudi Makmur 5 | F79: 2006 | G79: 53 | H79: 8 | I79: =SUM(G79:H79) -> 61 | J79: Padi | K79: 6 | L79: Haryono | M79: Suwanto | N79: Katirah | O79: 498 | P79: 112 | Q79: 87 | R79: 196 | S79: 52 | T79: 60 | U79: =SUM(P79:T79) -> 507 | V79: =IF(U79<=245,"PEMULA",IF(U79<=455,"LANJUT",IF(U79<=700,"MADYA","UTAMA"))) -> MADYA
A80: 79 | B80: Kebonagung | C80: Desa Punjung | D80: Pringroto | E80: Ngudi Makmur 6 | F80: 2006 | G80: 72 | H80: 23 | I80: =SUM(G80:H80) -> 95 | J80: Padi | K80: 8 | L80: Sugiyono | M80: Purwo Yulianto | N80: Sukarman | O80: 472 | P80: 105 | Q80: 85 | R80: 196 | S80: 46 | T80: 52 | U80: =SUM(P80:T80) -> 484 | V80: =IF(U80<=245,"PEMULA",IF(U80<=455,"LANJUT",IF(U80<=700,"MADYA","UTAMA"))) -> MADYA
A81: 80 | B81: Kebonagung | C81: Desa Punjung | D81: Ngunut | E81: Ngudi Makmur 7 | F81: 2008 | G81: 61 | H81: 10 | I81: =SUM(G81:H81) -> 71 | J81: Padi | K81: 7 | L81: Misgiman | M81: Sutrisno | N81: Tulardi | O81: 474 | P81: 104 | Q81: 85 | R81: 194 | S81: 46 | T81: 52 | U81: =SUM(P81:T81) -> 481 | V81: =IF(U81<=245,"PEMULA",IF(U81<=455,"LANJUT",IF(U81<=700,"MADYA","UTAMA"))) -> MADYA
A82: 81 | B82: Kebonagung | C82: Desa Punjung | D82: Wonorejo | E82: Ngudi Makmur 8 | F82: 2008 | G82: 14 | H82: 6 | I82: =SUM(G82:H82) -> 20 | J82: Padi | K82: 4 | L82: Tugiyat | M82: Sukatman | N82: Inarto | O82: 475 | P82: 105 | Q82: 85 | R82: 195 | S82: 46 | T82: 54 | U82: =SUM(P82:T82) -> 485 | V82: =IF(U82<=245,"PEMULA",IF(U82<=455,"LANJUT",IF(U82<=700,"MADYA","UTAMA"))) -> MADYA
A83: 82 | B83: Kebonagung | C83: Desa Sanggrahan | D83: Mujing | E83: Setya Usaha I | F83: 2007 | G83: 106 | H83: 21 | I83: =H83+G83 -> 127 | J83: Padi | K83: 6 | L83: Parwan | M83: Boyani | N83: Suyono | O83: 641 | P83: 112 | Q83: 104 | R83: 290 | S83: 75 | T83: 70 | U83: =SUM(P83:T83) -> 651 | V83: =IF(U83<=245,"PEMULA",IF(U83<=455,"LANJUT",IF(U83<=700,"MADYA","UTAMA"))) -> MADYA
A84: 83 | B84: Kebonagung | C84: Desa Sanggrahan | D84: Kradenan | E84: Setya Usaha II | F84: 2003 | G84: 105 | H84: 28 | I84: =H84+G84 -> 133 | J84: Padi | K84: 18 | L84: Misrianto | M84: Sumarni | N84: Erna Agustin | O84: 664 | P84: 115 | Q84: 104 | R84: 290 | S84: 80 | T84: 80 | U84: =SUM(P84:T84) -> 669 | V84: =IF(U84<=245,"PEMULA",IF(U84<=455,"LANJUT",IF(U84<=700,"MADYA","UTAMA"))) -> MADYA
A85: 84 | B85: Kebonagung | C85: Desa Sanggrahan | D85: Krajan | E85: Setya Usaha III | F85: 2007 | G85: 70 | H85: 24 | I85: =H85+G85 -> 94 | J85: Padi | K85: 16 | L85: Sumarni | M85: Misiran | N85: Gisno Mn | O85: 738 | P85: 150 | Q85: 139 | R85: 304 | S85: 90 | T85: 95 | U85: =SUM(P85:T85) -> 778 | V85: =IF(U85<=245,"PEMULA",IF(U85<=455,"LANJUT",IF(U85<=700,"MADYA","UTAMA"))) -> UTAMA
A86: 85 | B86: Kebonagung | C86: Desa Sanggrahan | D86: Karangtengah | E86: Setya Usaha IV | F86: 2007 | G86: 80 | H86: 53 | I86: =H86+G86 -> 133 | J86: Padi | K86: 12 | L86: Sogirin | M86: Slamet R | N86: Misrieni | O86: 639 | P86: 115 | Q86: 115 | R86: 257 | S86: 78 | T86: 80 | U86: =SUM(P86:T86) -> 645 | V86: =IF(U86<=245,"PEMULA",IF(U86<=455,"LANJUT",IF(U86<=700,"MADYA","UTAMA"))) -> MADYA
A87: 86 | B87: Kebonagung | C87: Desa Sanggrahan | D87: Ngaren | E87: Setya Usaha V | F87: 2005 | G87: 54 | H87: 20 | I87: =H87+G87 -> 74 | J87: Padi | K87: 15 | L87: Sarni | M87: Ady Tuginen | N87: Agus W | O87: 637 | P87: 115 | Q87: 115 | R87: 258 | S87: 80 | T87: 80 | U87: =SUM(P87:T87) -> 648 | V87: =IF(U87<=245,"PEMULA",IF(U87<=455,"LANJUT",IF(U87<=700,"MADYA","UTAMA"))) -> MADYA
A88: 87 | B88: Kebonagung | C88: Desa Sanggrahan | D88: Jetis | E88: Setya Usaha VI | F88: 2006 | G88: 52 | H88: 9 | I88: =H88+G88 -> 61 | J88: Padi | K88: 16 | L88: M.Zainudin | M88: Slamet K | N88: Budi P | O88: 662 | P88: 105 | Q88: 103 | R88: 289 | S88: 80 | T88: 80 | U88: =SUM(P88:T88) -> 657 | V88: =IF(U88<=245,"PEMULA",IF(U88<=455,"LANJUT",IF(U88<=700,"MADYA","UTAMA"))) -> MADYA
A89: 88 | B89: Kebonagung | C89: Desa Sanggrahan | D89: Tanggung | E89: Setya Usaha VII | F89: 2007 | G89: 65 | H89: 9 | I89: =H89+G89 -> 74 | J89: Padi | K89: 12 | L89: Mujono | M89: Paeran | N89: Dudik H | O89: 612 | P89: 120 | Q89: 100 | R89: 252 | S89: 78 | T89: 72 | U89: =SUM(P89:T89) -> 622 | V89: =IF(U89<=245,"PEMULA",IF(U89<=455,"LANJUT",IF(U89<=700,"MADYA","UTAMA"))) -> MADYA
A90: 89 | B90: Kebonagung | C90: Desa Worawari | D90: Pringkantung | E90: Sido Makmur 1 | F90: 2007 | G90: 64 | H90: 16 | I90: =SUM(G90:H90) -> 80 | J90: Padi | K90: 6 | L90: Misnen | M90: Boyadi | N90: Suradi | O90: 545 | P90: 118 | Q90: 100 | R90: 221 | S90: 55 | T90: 62 | U90: =SUM(P90:T90) -> 556 | V90: =IF(U90<=245,"PEMULA",IF(U90<=455,"LANJUT",IF(U90<=700,"MADYA","UTAMA"))) -> MADYA
A91: 90 | B91: Kebonagung | C91: Desa Worawari | D91: Tanggung | E91: Sido Makmur 2 | F91: 2007 | G91: 133 | H91: 26 | I91: =SUM(G91:H91) -> 159 | J91: Padi | K91: 9 | L91: Juwarno | M91: Tumadi | N91: Suharno | O91: 555 | P91: 118 | Q91: 100 | R91: 224 | S91: 56 | T91: 62 | U91: =SUM(P91:T91) -> 560 | V91: =IF(U91<=245,"PEMULA",IF(U91<=455,"LANJUT",IF(U91<=700,"MADYA","UTAMA"))) -> MADYA
A92: 91 | B92: Kebonagung | C92: Desa Worawari | D92: Ngrampal | E92: Sido Makmur 3 | F92: 2007 | G92: 80 | H92: 11 | I92: =SUM(G92:H92) -> 91 | J92: Padi | K92: 4 | L92: Icuk Sugiarto | M92: Tumini | N92: Sugiarto | O92: 335 | P92: 82 | Q92: 55 | R92: 143 | S92: 25 | T92: 35 | U92: =SUM(P92:T92) -> 340 | V92: =IF(U92<=245,"PEMULA",IF(U92<=455,"LANJUT",IF(U92<=700,"MADYA","UTAMA"))) -> LANJUT
A93: 92 | B93: Kebonagung | C93: Desa Worawari | D93: Banjarjo | E93: Sido Makmur 4 | F93: 2007 | G93: 35 | H93: 2 | I93: =SUM(G93:H93) -> 37 | J93: Padi | K93: 7 | L93: Miswandi | M93: Miswan | N93: Sokijem | O93: 552 | P93: 116 | Q93: 100 | R93: 223 | S93: 60 | T93: 60 | U93: =SUM(P93:T93) -> 559 | V93: =IF(U93<=245,"PEMULA",IF(U93<=455,"LANJUT",IF(U93<=700,"MADYA","UTAMA"))) -> MADYA
A94: 93 | B94: Kebonagung | C94: Desa Worawari | D94: Krajan | E94: Sido Makmur 5 | F94: 2007 | G94: 63 | H94: 14 | I94: =SUM(G94:H94) -> 77 | J94: Padi | K94: 7 | L94: Sugiono | M94: Nur Habib | N94: Sri Yatin | O94: 548 | P94: 116 | Q94: 100 | R94: 225 | S94: 54 | T94: 60 | U94: =SUM(P94:T94) -> 555 | V94: =IF(U94<=245,"PEMULA",IF(U94<=455,"LANJUT",IF(U94<=700,"MADYA","UTAMA"))) -> MADYA
A95: 94 | B95: Kebonagung | C95: Desa Worawari | D95: Ledok | E95: Sido Makmur 6 | F95: 2007 | G95: 63 | H95: 14 | I95: =SUM(G95:H95) -> 77 | J95: Padi | K95: 5 | L95: Aprilia Maharani | M95: Tumarni | N95: Kusni | O95: 337 | P95: 82 | Q95: 59 | R95: 147 | S95: 24 | T95: 36 | U95: =SUM(P95:T95) -> 348 | V95: =IF(U95<=245,"PEMULA",IF(U95<=455,"LANJUT",IF(U95<=700,"MADYA","UTAMA"))) -> LANJUT
A96: 95 | B96: Kebonagung | C96: Desa Banjarjo | D96: Gemiring | E96: Sumber Makmur 1 | F96: 2007 | G96: 37 | H96: 8 | I96: =SUM(G96:H96) -> 45 | J96: Padi | K96: 3.5 | L96: Sucipto | M96: Suprianto | N96: Aliudin | O96: 433 | P96: 98 | Q96: 79 | R96: 178 | S96: 38 | T96: 50 | U96: =SUM(P96:T96) -> 443 | V96: =IF(U96<=245,"PEMULA",IF(U96<=455,"LANJUT",IF(U96<=700,"MADYA","UTAMA"))) -> LANJUT
A97: 96 | B97: Kebonagung | C97: Desa Banjarjo | D97: Karangsono | E97: Sumber Makmur 2 | F97: 2007 | G97: 8 | H97: 2 | I97: =SUM(G97:H97) -> 10 | J97: Padi | K97: 2 | L97: Tuginen .S | M97: Maryono | N97: Warijo | O97: 431 | P97: 96 | Q97: 80 | R97: 181 | S97: 35 | T97: 48 | U97: =SUM(P97:T97) -> 440 | V97: =IF(U97<=245,"PEMULA",IF(U97<=455,"LANJUT",IF(U97<=700,"MADYA","UTAMA"))) -> LANJUT
A98: 97 | B98: Kebonagung | C98: Desa Banjarjo | D98: Towo | E98: Sumber Makmur 3 | F98: 2007 | G98: 62 | H98: 33 | I98: =SUM(G98:H98) -> 95 | J98: Padi | K98: 4 | L98: Sarino | M98: Yusuf | N98: Sri Winarni | O98: 684 | P98: 134 | Q98: 115 | R98: 290 | S98: 74 | T98: 77 | U98: =SUM(P98:T98) -> 690 | V98: =IF(U98<=245,"PEMULA",IF(U98<=455,"LANJUT",IF(U98<=700,"MADYA","UTAMA"))) -> MADYA
A99: 98 | B99: Kebonagung | C99: Desa Banjarjo | D99: Galit | E99: Sumber Makmur 4 | F99: 2007 | G99: 35 | H99: 2 | I99: =SUM(G99:H99) -> 37 | J99: Padi | K99: 3.5 | L99: Ahmad Zaenudin | M99: Harun | N99: Mulyono | O99: 473 | P99: 104 | Q99: 85 | R99: 200 | S99: 43 | T99: 51 | U99: =SUM(P99:T99) -> 483 | V99: =IF(U99<=245,"PEMULA",IF(U99<=455,"LANJUT",IF(U99<=700,"MADYA","UTAMA"))) -> MADYA
A100: 99 | B100: Kebonagung | C100: Desa Banjarjo | D100: Nglaos | E100: Sumber Makmur 5 | F100: 2007 | G100: 63 | H100: 14 | I100: =SUM(G100:H100) -> 77 | J100: Padi | K100: 7 | L100: Wardi | M100: Gunawan | N100: Wakhid | O100: 864 | P100: 172 | Q100: 138 | R100: 359 | S100: 93 | T100: 102 | U100: =SUM(P100:T100) -> 864 | V100: =IF(U100<=245,"PEMULA",IF(U100<=455,"LANJUT",IF(U100<=700,"MADYA","UTAMA"))) -> UTAMA
A101: 100 | B101: Kebonagung | C101: Desa Gawang | D101: Dawung | E101: Setyo Maju 1 | F101: 2007 | G101: 40 | H101: 13 | I101: =SUM(G101:H101) -> 53 | J101: Padi | K101: 5 | L101: Sutarno | M101: Sutarno B | N101: Giyatun | O101: 787 | P101: 155 | Q101: 133 | R101: 324 | S101: 88 | T101: 93 | U101: =SUM(P101:T101) -> 793 | V101: =IF(U101<=245,"PEMULA",IF(U101<=455,"LANJUT",IF(U101<=700,"MADYA","UTAMA"))) -> UTAMA
... A113: 112 | B113: Kebonagung | C113: Desa Mantren | D113: Kebak | E113: Margo Subur 5 | F113: 2008 | G113: 57 | H113: 8 | I113: =SUM(G113:H113) -> 65 | J113: Padi | K113: 11 | L113: Jumawan | M113: Kharis | N113: Slamet | O113: 421 | P113: 98 | Q113: 77 | R113: 170 | S113: 37 | T113: 50 | U113: =SUM(P113:T113) -> 432 | V113: =IF(U113<=245,"PEMULA",IF(U113<=455,"LANJUT",IF(U113<=700,"MADYA","UTAMA"))) -> LANJUT
A114: 113 | B114: Kebonagung | C114: Desa Karangnongko | D114: Watuadeg | E114: Sedyo Makmur 1 | F114: 2000 | G114: 54 | H114: 17 | I114: 71 | J114: Padi | K114: 18 | L114: Eko Setiawan | M114: Samsudin | N114: Slamet Kuncoro | O114: =SUM([1]SM1!$G$11,[1]SM1!$K$11,[1]SM1!$O$11,[1]SM1!$S$11,[1]SM1!$G$18,[1]SM1!$K$18,[1]SM1!$O$18,[1]SM1!$S$18,[1]SM1!$G$29,[1]SM1!$K$29,[1]SM1!$O$29,[1]SM1!$S$29,[1]SM1!$G$32,[1]SM1!$K$32,[1]SM1!$O$32,[1]SM1!$S$32,[1]SM1!$G$35,[1]SM1!$K$35,[1]SM1!$O$35,[1]SM1!$S$35) -> 726 | P114: =SUM([1]SM1!$H$11,[1]SM1!$L$11,[1]SM1!$P$11,[1]SM1!$T$11) -> 155 | Q114: =SUM([1]SM1!$H$18,[1]SM1!$L$18,[1]SM1!$P$18,[1]SM1!$T$18) -> 123 | R114: =SUM([1]SM1!$H$29,[1]SM1!$L$29,[1]SM1!$P$29,[1]SM1!$T$29) -> 310 | S114: =SUM([1]SM1!$H$32,[1]SM1!$L$32,[1]SM1!$P$32,[1]SM1!$T$32) -> 83 | T114: =SUM([1]SM1!$H$35,[1]SM1!$L$35,[1]SM1!$P$35,[1]SM1!$T$35) -> 87 | U114: =SUM(P114:T114) -> 758 | V114: =IF(U114<=245,"PEMULA",IF(U114<=455,"LANJUT",IF(U114<=700,"MADYA","UTAMA"))) -> UTAMA
A115: 114 | B115: Kebonagung | C115: Desa Karangnongko | D115: Krajan | E115: Sedyo Makmur 2 | F115: 2000 | G115: 50 | H115: 6 | I115: 56 | J115: Padi | K115: 12 | L115: Miswandi | M115: Supriadi | N115: Gunardi | O115: =SUM([1]SM2!$G$11,[1]SM2!$K$11,[1]SM2!$O$11,[1]SM2!$S$11,[1]SM2!$G$18,[1]SM2!$K$18,[1]SM2!$O$18,[1]SM2!$S$18,[1]SM2!$G$29,[1]SM2!$K$29,[1]SM2!$O$29,[1]SM2!$S$29,[1]SM2!$G$32,[1]SM2!$K$32,[1]SM2!$O$32,[1]SM2!$S$32,[1]SM2!$G$35,[1]SM2!$K$35,[1]SM2!$O$35,[1]SM2!$S$35) -> 597 | P115: =SUM([1]SM2!$H$11,[1]SM2!$L$11,[1]SM2!$P$11,[1]SM2!$T$11) -> 123 | Q115: =SUM([1]SM2!$H$18,[1]SM2!$L$18,[1]SM2!$P$18,[1]SM2!$T$18) -> 103 | R115: =SUM([1]SM2!$H$29,[1]SM2!$L$29,[1]SM2!$P$29,[1]SM2!$T$29) -> 240 | S115: =SUM([1]SM2!$H$32,[1]SM2!$L$32,[1]SM2!$P$32,[1]SM2!$T$32) -> 75 | T115: =SUM([1]SM2!$H$35,[1]SM2!$L$35,[1]SM2!$P$35,[1]SM2!$T$35) -> 70 | U115: =SUM(P115:T115) -> 611 | V115: =IF(U115<=245,"PEMULA",IF(U115<=455,"LANJUT",IF(U115<=700,"MADYA","UTAMA"))) -> MADYA
A116: 115 | B116: Kebonagung | C116: Desa Karangnongko | D116: Tosari | E116: Sedyo Makmur 3 | F116: 2000 | G116: 60 | H116: 4 | I116: 64 | J116: Padi | K116: 18 | L116: Sugiyanto | M116: Meiyoto | N116: Istarni | O116: =SUM([1]SM3!$G$11,[1]SM3!$K$11,[1]SM3!$O$11,[1]SM3!$S$11,[1]SM3!$G$18,[1]SM3!$K$18,[1]SM3!$O$18,[1]SM3!$S$18,[1]SM3!$G$29,[1]SM3!$K$29,[1]SM3!$O$29,[1]SM3!$S$29,[1]SM3!$G$32,[1]SM3!$K$32,[1]SM3!$O$32,[1]SM3!$S$32,[1]SM3!$G$35,[1]SM3!$K$35,[1]SM3!$O$35,[1]SM3!$S$35) -> 407 | P116: =SUM([1]SM3!$H$11,[1]SM3!$L$11,[1]SM3!$P$11,[1]SM3!$T$11) -> 89 | Q116: =SUM([1]SM3!$H$18,[1]SM3!$L$18,[1]SM3!$P$18,[1]SM3!$T$18) -> 73 | R116: =SUM([1]SM3!$H$29,[1]SM3!$L$29,[1]SM3!$P$29,[1]SM3!$T$29) -> 168 | S116: =SUM([1]SM3!$H$32,[1]SM3!$L$32,[1]SM3!$P$32,[1]SM3!$T$32) -> 38 | T116: =SUM([1]SM3!$H$35,[1]SM3!$L$35,[1]SM3!$P$35,[1]SM3!$T$35) -> 46 | U116: =SUM(P116:T116) -> 414 | V116: =IF(U116<=245,"PEMULA",IF(U116<=455,"LANJUT",IF(U116<=700,"MADYA","UTAMA"))) -> LANJUT
A117: 116 | B117: Kebonagung | C117: Desa Karangnongko | D117: Pucang | E117: Sedyo Makmur 4 | F117: 2000 | G117: 41 | H117: 6 | I117: 47 | J117: Padi | K117: 14 | L117: Tri Wahono | M117: Pujut | N117: Sulasno | O117: =SUM([1]SM4!$G$11,[1]SM4!$K$11,[1]SM4!$O$11,[1]SM4!$S$11,[1]SM4!$G$18,[1]SM4!$K$18,[1]SM4!$O$18,[1]SM4!$S$18,[1]SM4!$G$29,[1]SM4!$K$29,[1]SM4!$O$29,[1]SM4!$S$29,[1]SM4!$G$32,[1]SM4!$K$32,[1]SM4!$O$32,[1]SM4!$S$32,[1]SM4!$G$35,[1]SM4!$K$35,[1]SM4!$O$35,[1]SM4!$S$35) -> 552 | P117: =SUM([1]SM4!$H$11,[1]SM4!$L$11,[1]SM4!$P$11,[1]SM4!$T$11) -> 119 | Q117: =SUM([1]SM4!$H$18,[1]SM4!$L$18,[1]SM4!$P$18,[1]SM3!$T$18) -> 100 | R117: =SUM([1]SM4!$H$29,[1]SM4!$L$29,[1]SM4!$P$29,[1]SM4!$T$29) -> 242 | S117: =SUM([1]SM4!$H$32,[1]SM4!$L$32,[1]SM4!$P$32,[1]SM4!$T$32) -> 52 | T117: =SUM([1]SM4!$H$35,[1]SM4!$L$35,[1]SM4!$P$35,[1]SM4!$T$35) -> 61 | U117: =SUM(P117:T117) -> 574 | V117: =IF(U117<=245,"PEMULA",IF(U117<=455,"LANJUT",IF(U117<=700,"MADYA","UTAMA"))) -> MADYA
A118: 117 | B118: Kebonagung | C118: Desa Karangnongko | D118: Toyowidi | E118: Sedyo Makmur 5 | F118: 2000 | G118: 34 | H118: 13 | I118: 47 | J118: Padi | K118: 11 | L118: Sujarni | M118: Kandar | N118: Wandi | O118: =SUM([1]SM5!$G$11,[1]SM5!$K$11,[1]SM5!$O$11,[1]SM5!$S$11,[1]SM5!$G$18,[1]SM5!$K$18,[1]SM5!$O$18,[1]SM5!$S$18,[1]SM5!$G$29,[1]SM5!$K$29,[1]SM5!$O$29,[1]SM5!$S$29,[1]SM5!$G$32,[1]SM5!$K$32,[1]SM5!$O$32,[1]SM5!$S$32,[1]SM5!$G$35,[1]SM5!$K$35,[1]SM5!$O$35,[1]SM5!$S$35) -> 382 | P118: =SUM([1]SM5!$H$11,[1]SM5!$L$11,[1]SM5!$P$11,[1]SM5!$T$11) -> 92 | Q118: =SUM([1]SM5!$H$18,[1]SM5!$L$18,[1]SM5!$P$18,[1]SM5!$T$18) -> 71 | R118: =SUM([1]SM5!$H$29,[1]SM5!$L$29,[1]SM5!$P$29,[1]SM5!$T$29) -> 164 | S118: =SUM([1]SM5!$H$32,[1]SM5!$L$32,[1]SM5!$P$32,[1]SM5!$T$32) -> 28 | T118: =SUM([1]SM5!$H$35,[1]SM5!$L$35,[1]SM5!$P$35,[1]SM5!$T$35) -> 40 | U118: =SUM(P118:T118) -> 395 | V118: =IF(U118<=245,"PEMULA",IF(U118<=455,"LANJUT",IF(U118<=700,"MADYA","UTAMA"))) -> LANJUT
A119: 118 | B119: Kebonagung | C119: Desa Karangnongko | D119: Jaten | E119: Sedyo Makmur 6 | F119: 2000 | G119: 24 | H119: 2 | I119: 26 | J119: Padi | K119: 6 | L119: Sukatman | M119: Suyoto | N119: Gantoyono | O119: =SUM([1]SM6!$G$11,[1]SM6!$K$11,[1]SM6!$O$11,[1]SM6!$S$11,[1]SM6!$G$18,[1]SM6!$K$18,[1]SM6!$O$18,[1]SM6!$S$18,[1]SM6!$G$29,[1]SM6!$K$29,[1]SM6!$O$29,[1]SM6!$S$29,[1]SM6!$G$32,[1]SM6!$K$32,[1]SM6!$O$32,[1]SM6!$S$32,[1]SM6!$G$35,[1]SM6!$K$35,[1]SM6!$O$35,[1]SM6!$S$35) -> 380 | P119: =SUM([1]SM6!$H$11,[1]SM6!$L$11,[1]SM6!$P$11,[1]SM6!$T$11) -> 87 | Q119: =SUM([1]SM6!$H$18,[1]SM6!$L$18,[1]SM6!$P$18,[1]SM6!$T$18) -> 69 | R119: =SUM([1]SM6!$H$29,[1]SM6!$L$29,[1]SM6!$P$29,[1]SM6!$T$29) -> 163 | S119: =SUM([1]SM6!$H$32,[1]SM6!$L$32,[1]SM6!$P$32,[1]SM6!$T$32) -> 33 | T119: =SUM([1]SM6!$H$35,[1]SM6!$L$35,[1]SM6!$P$35,[1]SM6!$T$35) -> 42 | U119: =SUM(P119:T119) -> 394 | V119: =IF(U119<=245,"PEMULA",IF(U119<=455,"LANJUT",IF(U119<=700,"MADYA","UTAMA"))) -> LANJUT
A120: 119 | B120: Kebonagung | C120: Desa Karangnongko | D120: Kalitani | E120: Sedyo Makmur 7 | F120: 2000 | G120: 58 | H120: 6 | I120: 64 | J120: Padi | K120: 19 | L120: Tri Wahono | M120: Meselan | N120: Suwardi | O120: =SUM([1]SM7!$G$11,[1]SM7!$K$11,[1]SM7!$O$11,[1]SM7!$S$11,[1]SM7!$G$18,[1]SM7!$K$18,[1]SM7!$O$18,[1]SM7!$S$18,[1]SM7!$G$29,[1]SM7!$K$29,[1]SM7!$O$29,[1]SM7!$S$29,[1]SM7!$G$32,[1]SM7!$K$32,[1]SM7!$O$32,[1]SM7!$S$32,[1]SM7!$G$35,[1]SM7!$K$35,[1]SM7!$O$35,[1]SM7!$S$35) -> 390 | P120: =SUM([1]SM7!$H$11,[1]SM7!$L$11,[1]SM7!$P$11,[1]SM7!$T$11) -> 90 | Q120: =SUM([1]SM7!$H$18,[1]SM7!$L$18,[1]SM7!$P$18,[1]SM7!$T$18) -> 73 | R120: =SUM([1]SM7!$H$29,[1]SM7!$L$29,[1]SM7!$P$29,[1]SM7!$T$29) -> 162 | S120: =SUM([1]SM7!$H$32,[1]SM7!$L$32,[1]SM7!$P$32,[1]SM7!$T$32) -> 33 | T120: =SUM([1]SM7!$H$35,[1]SM7!$L$35,[1]SM7!$P$35,[1]SM7!$T$35) -> 44 | U120: =SUM(P120:T120) -> 402 | V120: =IF(U120<=245,"PEMULA",IF(U120<=455,"LANJUT",IF(U120<=700,"MADYA","UTAMA"))) -> LANJUT
A121: 120 | B121: Kebonagung | C121: Desa Karangnongko | D121: Gading | E121: Sedyo Makmur 8 | F121: 2000 | G121: 52 | H121: 6 | I121: 58 | J121: Padi | K121: 12 | L121: Ali Vratomo | M121: Supriyanto | N121: Mujari | O121: =SUM([1]SM8!$G$11,[1]SM8!$K$11,[1]SM8!$O$11,[1]SM8!$S$11,[1]SM8!$G$18,[1]SM8!$K$18,[1]SM8!$O$18,[1]SM8!$S$18,[1]SM8!$G$29,[1]SM8!$K$29,[1]SM8!$O$29,[1]SM8!$S$29,[1]SM8!$G$32,[1]SM8!$K$32,[1]SM8!$O$32,[1]SM8!$S$32,[1]SM8!$G$35,[1]SM8!$K$35,[1]SM8!$O$35,[1]SM8!$S$35) -> 493 | P121: =SUM([1]SM8!$H$11,[1]SM8!$L$11,[1]SM8!$P$11,[1]SM8!$T$11) -> 119 | Q121: =SUM([1]SM8!$H$18,[1]SM8!$L$18,[1]SM8!$P$18,[1]SM8!$T$18) -> 94 | R121: =SUM([1]SM8!$H$29,[1]SM8!$L$29,[1]SM8!$P$29,[1]SM8!$T$29) -> 217 | S121: =SUM([1]SM8!$H$32,[1]SM8!$L$32,[1]SM8!$P$32,[1]SM8!$T$32) -> 47 | T121: =SUM([1]SM8!$H$35,[1]SM8!$L$35,[1]SM8!$P$35,[1]SM8!$T$35) -> 55 | U121: =SUM(P121:T121) -> 532 | V121: =IF(U121<=245,"PEMULA",IF(U121<=455,"LANJUT",IF(U121<=700,"MADYA","UTAMA"))) -> MADYA
A122: 121 | B122: Kebonagung | C122: Desa Karangnongko | D122: Tawang | E122: Sedyo Makmur 9 | F122: 2000 | G122: 39 | H122: 9 | I122: 48 | J122: Padi | K122: 9 | L122: Trianto | M122: Jumawan | N122: Slamet | O122: =SUM([1]SM9!$G$11,[1]SM9!$K$11,[1]SM9!$O$11,[1]SM9!$S$11,[1]SM9!$G$18,[1]SM9!$K$18,[1]SM9!$O$18,[1]SM9!$S$18,[1]SM9!$G$29,[1]SM9!$K$29,[1]SM9!$O$29,[1]SM9!$S$29,[1]SM9!$G$32,[1]SM9!$K$32,[1]SM9!$O$32,[1]SM9!$S$32,[1]SM9!$G$35,[1]SM9!$K$35,[1]SM9!$O$35,[1]SM9!$S$35) -> 555 | P122: =SUM([1]SM9!$H$11,[1]SM9!$L$11,[1]SM9!$P$11,[1]SM9!$T$11) -> 112 | Q122: =SUM([1]SM9!$H$18,[1]SM9!$L$18,[1]SM9!$P$18,[1]SM9!$T$18) -> 102 | R122: =SUM([1]SM9!$H$29,[1]SM9!$L$29,[1]SM9!$P$29,[1]SM9!$T$29) -> 244 | S122: =SUM([1]SM9!$H$32,[1]SM9!$L$32,[1]SM9!$P$32,[1]SM9!$T$32) -> 50 | T122: =SUM([1]SM9!$H$35,[1]SM9!$L$35,[1]SM9!$P$35,[1]SM9!$T$35) -> 72 | U122: =SUM(P122:T122) -> 580 | V122: =IF(U122<=245,"PEMULA",IF(U122<=455,"LANJUT",IF(U122<=700,"MADYA","UTAMA"))) -> MADYA
...

Sheet Instrumen
B2: Kecamatan | C2: : | D2: Donorojo
B4: Desa | C4: : | D4: Desa Donorojo
B6: Nama Poktan | C6: : | D6: Karya Tani
B10: Nama Ketua Poktan | D10: ….........................................
B11: Nama Sekretaris Poktan | D11: ….........................................
B12: Nama Bendahara Poktan | D12: ….........................................
B13: Tahun Pendirian Poktan | D13: ….........................................
B14: Jumlah Anggota Laki-laki | D14: ….........................................
B15: Jumlah Anggota Perempuan | D15: ….........................................
B16: Komoditas Unggulan | C16: 1 | D16: …......................................... | F16: Luas/Ekor | G16: …........................
C17: 2 | D17: …......................................... | F17: Luas/Ekor | G17: …........................
C18: 3 | D18: …......................................... | F18: Luas/Ekor | G18: …........................
C19: 4 | D19: …......................................... | F19: Luas/Ekor | G19: …........................
C20: 5 | D20: …......................................... | F20: Luas/Ekor | G20: …........................
B24: RIWAYAT PENILAIAN KELOMPOK TANI
B27: Kelas Kelompok Lama | C27: : | D27: {=INDEX(Sheet1!V2:V1501,MATCH(Instrumen!D2:H2&Instrumen!D4:H4&Instrumen!D6:H6,Sheet1!B2:B1501&Sheet1!C2:C1501&Sheet1!E2:E1501,0))} -> MADYA
B29: Nilai Kelas Kelompok Lama | C29: : | D29: {=INDEX(Sheet1!U2:U1501,MATCH(Instrumen!D2:H2&Instrumen!D4:H4&Instrumen!D6:H6,Sheet1!B2:B1501&Sheet1!C2:C1501&Sheet1!E2:E1501,0))} -> 569 | E29: =IF(D29=G61," ","Capaian nilai belum sama dengan nilai lama") -> Capaian nilai belum sama dengan nilai lama
B33: PENILAIAN KELOMPOK TANI
B35: ASPEK PENILAIAN | C35: INDIKATOR | F35: RANGE NILAI | G35: NILAI LAMA | H35: NILAI BARU
B37: Kemampuan Merencanakan | C37: 1 | D37: Rencana Belajar | E37: =IF($D$27="Pemula",'Data Kriteria Indikator'!B2,IF($D$27="Lanjut",'Data Kriteria Indikator'!C2,IF($D$27="Madya",'Data Kriteria Indikator'!D2,IF($D$27="Utama",'Data Kriteria Indikator'!E2)))) -> Ada rencana belajar tertulis, melibatkan petani atau poktan Lain | F37: =IF($D$27="Pemula","0-15",IF($D$27="Lanjut","15-25",IF($D$27="Madya","26-35","36-50"))) -> 26-35
C39: 2 | D39: Rencana Usaha | E39: =IF($D$27="Pemula",'Data Kriteria Indikator'!B3,IF($D$27="Lanjut",'Data Kriteria Indikator'!C3,IF($D$27="Madya",'Data Kriteria Indikator'!D3,IF($D$27="Utama",'Data Kriteria Indikator'!E3)))) -> Ada rencana usaha bersama tertulis, ada jejaring | F39: =IF($D$27="Pemula","0-50",IF($D$27="Lanjut","51-75",IF($D$27="Madya","76-100","101-150"))) -> 76-100
B41: Kemampuan Mengorganisasikan | C41: 1 | D41: Struktur Organisasi | E41: =IF($D$27="Pemula",'Data Kriteria Indikator'!B4,IF($D$27="Lanjut",'Data Kriteria Indikator'!C4,IF($D$27="Madya",'Data Kriteria Indikator'!D4,IF($D$27="Utama",'Data Kriteria Indikator'!E4)))) -> Kompleks, ada pembagian tugas | F41: =IF($D$27="Pemula","0-10",IF($D$27="Lanjut","11-15",IF($D$27="Madya","16-20","21-25"))) -> 16-20
C43: 2 | D43: Aturan dan Norma | E43: =IF($D$27="Pemula",'Data Kriteria Indikator'!B5,IF($D$27="Lanjut",'Data Kriteria Indikator'!C5,IF($D$27="Madya",'Data Kriteria Indikator'!D5,IF($D$27="Utama",'Data Kriteria Indikator'!E5)))) -> Ada aturan dan norma tertulis, dilaksanakan | F43: =IF($D$27="Pemula","0-10",IF($D$27="Lanjut","11-15",IF($D$27="Madya","16-20","21-25"))) -> 16-20
C45: 3 | D45: Administrasi Rutin | E45: =IF($D$27="Pemula",'Data Kriteria Indikator'!B6,IF($D$27="Lanjut",'Data Kriteria Indikator'!C6,IF($D$27="Madya",'Data Kriteria Indikator'!D6,IF($D$27="Utama",'Data Kriteria Indikator'!E6)))) -> Administrasi pembukuan lebih lengkap dan terisi dengan tertib meliputi : 8 Buku (Buku Anggota, Buku Tamu, Buku Kegiatan, Daftar Hadir, Notulen, Buku Kas, Buku Iuran, Buku Inventaris) | F45: =IF($D$27="Pemula","0-25",IF($D$27="Lanjut","26-50",IF($D$27="Madya","51-75","76-100"))) -> 51-75
B47: Kemampuan Melaksanakan Kegiatan | C47: 1 | D47: Pertemuan Rutin | E47: =IF($D$27="Pemula",'Data Kriteria Indikator'!B7,IF($D$27="Lanjut",'Data Kriteria Indikator'!C7,IF($D$27="Madya",'Data Kriteria Indikator'!D7,IF($D$27="Utama",'Data Kriteria Indikator'!E7)))) -> Pertemuan rutin setiap bulan/selapanan, rata-rata kehadiran anggota > 75% anggota, materi usaha hulu-hilir, setiap pertemuan belum ada notulen | F47: =IF($D$27="Pemula","0-10",IF($D$27="Lanjut","11-15",IF($D$27="Madya","21-30","31-40"))) -> 21-30
C49: 2 | D49: Pelaksanaan Belajar | E49: =IF($D$27="Pemula",'Data Kriteria Indikator'!B8,IF($D$27="Lanjut",'Data Kriteria Indikator'!C8,IF($D$27="Madya",'Data Kriteria Indikator'!D8,IF($D$27="Utama",'Data Kriteria Indikator'!E8)))) -> Melaksanakan belajar dengan melibatkan unsur dari dalam poktan dan petani/poktan lain | F49: =IF($D$27="Pemula","0-15",IF($D$27="Lanjut","16-25",IF($D$27="Madya","26-35","36-50"))) -> 26-35
C51: 3 | D51: Melaksanakan usaha | E51: =IF($D$27="Pemula",'Data Kriteria Indikator'!B9,IF($D$27="Lanjut",'Data Kriteria Indikator'!C9,IF($D$27="Madya",'Data Kriteria Indikator'!D9,IF($D$27="Utama",'Data Kriteria Indikator'!E9)))) -> Melaksanakan usaha bersama kelompok yang berorientasi pasar, terintegrasi dan sudah menjalin kerjasama/jejaring usaha (bukan bantuan/program) | F51: =IF($D$27="Pemula","0-50",IF($D$27="Lanjut","51-100",IF($D$27="Madya","101-150","151-200"))) -> 101-150
C53: 4 | D53: Pemupukan modal | E53: =IF($D$27="Pemula",'Data Kriteria Indikator'!B10,IF($D$27="Lanjut",'Data Kriteria Indikator'!C10,IF($D$27="Madya",'Data Kriteria Indikator'!D10,IF($D$27="Utama",'Data Kriteria Indikator'!E10)))) -> Ada pemupukan modal dari anggota, penyisihan hasil usaha kelompok dan dari lembaga keuangan | F53: =IF($D$27="Pemula","0-10",IF($D$27="Lanjut","11-20",IF($D$27="Madya","26-35","31-50"))) -> 26-35
C55: 5 | D55: Pelayanan informasi dan teknologi | E55: =IF($D$27="Pemula",'Data Kriteria Indikator'!B11,IF($D$27="Lanjut",'Data Kriteria Indikator'!C11,IF($D$27="Madya",'Data Kriteria Indikator'!D11,IF($D$27="Utama",'Data Kriteria Indikator'!E11)))) -> Pelayanan informasi dan teknologi bersumber dari berbagai sumber berbasis IT untuk anggota | F55: =IF($D$27="Pemula","0-10",IF($D$27="Lanjut","11-20",IF($D$27="Madya","21-45","46-60"))) -> 21-45
B57: Kemampuan melakukan pengendalian dan pelaporan | C57: 1 | D57: Evaluasi usaha kelompok | E57: =IF($D$27="Pemula",'Data Kriteria Indikator'!B12,IF($D$27="Lanjut",'Data Kriteria Indikator'!C12,IF($D$27="Madya",'Data Kriteria Indikator'!D12,IF($D$27="Utama",'Data Kriteria Indikator'!E12)))) -> Melakukan evaluasi perencanaan dan pelaksanaan usaha secara tertulis melibatkan unsur dari dalam poktan dan petani/poktan lain | F57: =IF($D$27="Pemula","0-10",IF($D$27="Lanjut","11-40",IF($D$27="Madya","41-80","81-100"))) -> 41-80
B59: Kemampuan mengembangkan kepemimpinan kelompok tani | C59: 1 | D59: Pengembangan kapasitas dan pengkaderan pengurus | E59: =IF($D$27="Pemula",'Data Kriteria Indikator'!B13,IF($D$27="Lanjut",'Data Kriteria Indikator'!C13,IF($D$27="Madya",'Data Kriteria Indikator'!D13,IF($D$27="Utama",'Data Kriteria Indikator'!E13)))) -> Sudah dilakukan pemilihan dan pergantian pengurus dengan periode waktu tertentu | F59: =IF($D$27="Pemula","0-30",IF($D$27="Lanjut","31-50",IF($D$27="Madya","51-80","80-150"))) -> 51-80
B61: CAPAIAN NILAI KELAS KELOMPOK | G61: =SUM(G59,G57,G55,G53,G51,G49,G47,G45,G43,G41,G39,G37) -> 0 | H61: =SUM(H59,H57,H55,H53,H51,H49,H47,H45,H43,H41,H39,H37) -> 0
